"p_val","avg_logFC","pct.1","pct.2","p_val_adj","cluster","contrast","geneId","transcriptId"
"Gpm6b..ENSMUST00000112235.7",3.22101897467234e-22,1.50452383207731,0.714,0.05,1.06441793037022e-17,"radial glia","radial glia vs cycling radial glia","Gpm6b","ENSMUST00000112235.7"
"Gpm6b..ENSMUST00000112224.7",5.85961917884476e-11,0.721155084874993,0.443,0.059,1.93636975384104e-06,"radial glia","radial glia vs cycling radial glia","Gpm6b","ENSMUST00000112224.7"
"Gpm6b..ENSMUST00000060210.13",8.94187775162487e-07,0.450935117521817,0.414,0.109,0.0295493292180196,"radial glia","radial glia vs cycling radial glia","Gpm6b","ENSMUST00000060210.13"
"Gpm6b..ENSMUST00000112233.7",2.50332401429235e-05,0.308170166654817,0.214,0.025,0.827248453763051,"radial glia","radial glia vs cycling radial glia","Gpm6b","ENSMUST00000112233.7"
"Gpm6b..ENSMUST00000112228.7",0.0013016353433282,-0.430082987584315,0.086,0.269,1,"cycling radial glia","radial glia vs cycling radial glia","Gpm6b","ENSMUST00000112228.7"
"Ap1s2..ENSMUST00000033734.13",2.1154223960605e-05,0.263320385508943,0.214,0.025,0.699062485002152,"radial glia","radial glia vs cycling radial glia","Ap1s2","ENSMUST00000033734.13"
"Ap1s2..ENSMUST00000069041.14",0.00206171545637409,-0.292643112388083,0,0.126,1,"cycling radial glia","radial glia vs cycling radial glia","Ap1s2","ENSMUST00000069041.14"
"Pkm..ENSMUST00000163694.3",3.64369925738391e-05,-0.604330209304806,0.129,0.387,1,"cycling radial glia","radial glia vs cycling radial glia","Pkm","ENSMUST00000163694.3"
"Pkm..ENSMUST00000034834.15",0.00367159805390771,0.333074157376988,0.929,0.882,1,"radial glia","radial glia vs cycling radial glia","Pkm","ENSMUST00000034834.15"
"Gas5..ENSMUST00000162558.7",0.000139254235197987,0.468172830044635,0.729,0.487,1,"radial glia","radial glia vs cycling radial glia","Gas5","ENSMUST00000162558.7"
"Gas5..ENSMUST00000159706.7",0.00391857388092234,-0.347589392463333,0.657,0.756,1,"cycling radial glia","radial glia vs cycling radial glia","Gas5","ENSMUST00000159706.7"
"Bnip2..ENSMUST00000034754.11",0.000343131471156774,0.288492178695659,0.271,0.076,1,"radial glia","radial glia vs cycling radial glia","Bnip2","ENSMUST00000034754.11"
"Bnip2..ENSMUST00000085393.12",0.0010181509869512,-0.364286708428821,0.057,0.235,1,"cycling radial glia","radial glia vs cycling radial glia","Bnip2","ENSMUST00000085393.12"
"Borcs8..ENSMUST00000002418.14",0.000383774820400973,0.252262520294983,0.3,0.092,1,"radial glia","radial glia vs cycling radial glia","Borcs8","ENSMUST00000002418.14"
"Borcs8..ENSMUST00000123976.1",0.0420171415841498,-0.266740952304009,0.114,0.218,1,"cycling radial glia","radial glia vs cycling radial glia","Borcs8","ENSMUST00000123976.1"
"Set..ENSMUST00000102866.9",0.00148407532157596,0.287475805457878,0.6,0.378,1,"radial glia","radial glia vs cycling radial glia","Set","ENSMUST00000102866.9"
"Set..ENSMUST00000067996.6",0.011029516788237,-0.255199778753376,0.657,0.798,1,"cycling radial glia","radial glia vs cycling radial glia","Set","ENSMUST00000067996.6"
"Gpm6b..ENSMUST00000112235.71",3.54093807496755e-16,1.43985364263462,0.714,0.092,1.17013839625378e-11,"radial glia","radial glia vs intermediate progenitor","Gpm6b","ENSMUST00000112235.7"
"Gpm6b..ENSMUST00000060210.131",7.10720339024553e-06,0.427446225875205,0.414,0.092,0.234864643234054,"radial glia","radial glia vs intermediate progenitor","Gpm6b","ENSMUST00000060210.13"
"Gpm6b..ENSMUST00000112224.71",1.71381298436722e-05,0.5190402022586,0.443,0.126,0.566346638813991,"radial glia","radial glia vs intermediate progenitor","Gpm6b","ENSMUST00000112224.7"
"Gpm6b..ENSMUST00000112233.71",3.27364432524945e-05,0.355844354233593,0.214,0.011,1,"radial glia","radial glia vs intermediate progenitor","Gpm6b","ENSMUST00000112233.7"
"Gpm6b..ENSMUST00000112228.71",6.97476760743834e-05,-0.616457362715483,0.086,0.333,1,"intermediate progenitor","radial glia vs intermediate progenitor","Gpm6b","ENSMUST00000112228.7"
"Gpm6b..ENSMUST00000129731.1",0.00484656192653615,-0.496110386110982,0.171,0.345,1,"intermediate progenitor","radial glia vs intermediate progenitor","Gpm6b","ENSMUST00000129731.1"
"Meaf6..ENSMUST00000154689.7",4.18148986854338e-06,0.278391514682622,0.286,0.023,0.138181514195885,"radial glia","radial glia vs intermediate progenitor","Meaf6","ENSMUST00000154689.7"
"Meaf6..ENSMUST00000106171.8",0.0221303020513227,-0.446255469849656,0.143,0.264,1,"intermediate progenitor","radial glia vs intermediate progenitor","Meaf6","ENSMUST00000106171.8"
"Faim..ENSMUST00000035038.7",3.11717543173093e-05,0.468668424371506,0.357,0.092,1,"radial glia","radial glia vs intermediate progenitor","Faim","ENSMUST00000035038.7"
"Faim..ENSMUST00000112911.8",0.00695524540429706,-0.396435887432959,0.086,0.241,1,"intermediate progenitor","radial glia vs intermediate progenitor","Faim","ENSMUST00000112911.8"
"Bnip2..ENSMUST00000034754.111",0.000410297019843913,0.277534626138445,0.271,0.057,1,"radial glia","radial glia vs intermediate progenitor","Bnip2","ENSMUST00000034754.11"
"Bnip2..ENSMUST00000085393.121",0.00433668226899005,-0.353467769152828,0.057,0.207,1,"intermediate progenitor","radial glia vs intermediate progenitor","Bnip2","ENSMUST00000085393.12"
"Pantr1..ENSMUST00000188153.6",0.000596466730678639,0.31533735945765,0.657,0.322,1,"radial glia","radial glia vs intermediate progenitor","Pantr1","ENSMUST00000188153.6"
"Pantr1..ENSMUST00000180689.7",0.00227501988195434,0.287907859130124,0.471,0.207,1,"radial glia","radial glia vs intermediate progenitor","Pantr1","ENSMUST00000180689.7"
"Pantr1..ENSMUST00000181725.7",0.0145110998216477,-0.359398254800203,0.814,0.793,1,"intermediate progenitor","radial glia vs intermediate progenitor","Pantr1","ENSMUST00000181725.7"
"Rtn1..ENSMUST00000078505.13",0.00322315732906558,0.265614274339277,0.243,0.069,1,"radial glia","radial glia vs intermediate progenitor","Rtn1","ENSMUST00000078505.13"
"Rtn1..ENSMUST00000137990.1",0.0232227076957131,-0.390468546325094,0.843,0.759,1,"intermediate progenitor","radial glia vs intermediate progenitor","Rtn1","ENSMUST00000137990.1"
"Cdc42..ENSMUST00000051477.12",0.0111120035771017,0.338477765754676,0.8,0.644,1,"radial glia","radial glia vs intermediate progenitor","Cdc42","ENSMUST00000051477.12"
"Cdc42..ENSMUST00000030417.9",0.0323475139937278,-0.40848903821525,0.143,0.253,1,"intermediate progenitor","radial glia vs intermediate progenitor","Cdc42","ENSMUST00000030417.9"
"Gpm6b..ENSMUST00000112235.72",9.41647452094435e-43,1.6198150864077,0.714,0.009,3.11176817019127e-38,"radial glia","radial glia vs imature Glutamatergic","Gpm6b","ENSMUST00000112235.7"
"Gpm6b..ENSMUST00000112224.72",1.6306838858409e-18,0.720647788677748,0.443,0.038,5.38875796914982e-14,"radial glia","radial glia vs imature Glutamatergic","Gpm6b","ENSMUST00000112224.7"
"Gpm6b..ENSMUST00000060210.132",1.39518954888401e-14,0.511965449482201,0.414,0.051,4.61054338324212e-10,"radial glia","radial glia vs imature Glutamatergic","Gpm6b","ENSMUST00000060210.13"
"Gpm6b..ENSMUST00000112233.72",5.01978666329417e-12,0.370827581720688,0.214,0.004,1.65883870075219e-07,"radial glia","radial glia vs imature Glutamatergic","Gpm6b","ENSMUST00000112233.7"
"Gpm6b..ENSMUST00000112228.72",5.900351032242e-06,-0.698422932221791,0.086,0.346,0.194983000211469,"imature Glutamatergic","radial glia vs imature Glutamatergic","Gpm6b","ENSMUST00000112228.7"
"Gpm6b..ENSMUST00000129731.11",0.0114751865144546,-0.454016509521692,0.171,0.299,1,"imature Glutamatergic","radial glia vs imature Glutamatergic","Gpm6b","ENSMUST00000129731.1"
"Sh3glb1..ENSMUST00000163279.5",1.02361033625095e-34,0.936621432163327,0.586,0.004,3.38262271717489e-30,"radial glia","radial glia vs imature Glutamatergic","Sh3glb1","ENSMUST00000163279.5"
"Sh3glb1..ENSMUST00000198254.4",0.0117847928480597,-0.266616540775248,0.029,0.132,1,"imature Glutamatergic","radial glia vs imature Glutamatergic","Sh3glb1","ENSMUST00000198254.4"
"Eef1d..ENSMUST00000154584.8",2.09911390660968e-34,1.33274060442288,0.871,0.141,6.93673181578236e-30,"radial glia","radial glia vs imature Glutamatergic","Eef1d","ENSMUST00000154584.8"
"Eef1d..ENSMUST00000089681.11",0.000466006628505277,-0.389265274906875,0.029,0.201,1,"imature Glutamatergic","radial glia vs imature Glutamatergic","Eef1d","ENSMUST00000089681.11"
"Rtn1..ENSMUST00000137990.11",7.29517213632967e-24,-1.21032948847916,0.843,0.953,2.4107625841715e-19,"imature Glutamatergic","radial glia vs imature Glutamatergic","Rtn1","ENSMUST00000137990.1"
"Rtn1..ENSMUST00000021497.15",7.48853438019143e-24,-1.1306252676888,0.8,0.97,2.47466107127806e-19,"imature Glutamatergic","radial glia vs imature Glutamatergic","Rtn1","ENSMUST00000021497.15"
"Rtn1..ENSMUST00000078505.131",4.873086386775e-06,0.346983701198833,0.243,0.056,0.161036012737367,"radial glia","radial glia vs imature Glutamatergic","Rtn1","ENSMUST00000078505.13"
"Clta..ENSMUST00000107849.9",3.7268364289816e-23,-1.53780108766711,0.071,0.799,1.23157036632126e-18,"imature Glutamatergic","radial glia vs imature Glutamatergic","Clta","ENSMUST00000107849.9"
"Clta..ENSMUST00000170241.7",3.15814073173283e-16,0.801535376067188,0.9,0.457,1.04363918620843e-11,"radial glia","radial glia vs imature Glutamatergic","Clta","ENSMUST00000170241.7"
"Pkm..ENSMUST00000163694.31",5.33640043341636e-23,-1.78550665481544,0.129,0.791,1.76346688722677e-18,"imature Glutamatergic","radial glia vs imature Glutamatergic","Pkm","ENSMUST00000163694.3"
"Pkm..ENSMUST00000034834.151",2.51751706912421e-19,1.15115282217603,0.929,0.543,8.31938690662787e-15,"radial glia","radial glia vs imature Glutamatergic","Pkm","ENSMUST00000034834.15"
"Faim..ENSMUST00000035038.71",3.39828358790958e-20,0.592383086578457,0.357,0.004,1.1229967944606e-15,"radial glia","radial glia vs imature Glutamatergic","Faim","ENSMUST00000035038.7"
"Faim..ENSMUST00000112911.81",5.85225032282802e-06,-0.564769055881725,0.086,0.359,0.193393464168175,"imature Glutamatergic","radial glia vs imature Glutamatergic","Faim","ENSMUST00000112911.8"
"Zfand6..ENSMUST00000209117.1",4.7007570892338e-18,0.462991411501805,0.3,0,1.5534121877082e-13,"radial glia","radial glia vs imature Glutamatergic","Zfand6","ENSMUST00000209117.1"
"Zfand6..ENSMUST00000178385.8",0.0223765472747853,-0.429571032274598,0.186,0.291,1,"imature Glutamatergic","radial glia vs imature Glutamatergic","Zfand6","ENSMUST00000178385.8"
"Gas5..ENSMUST00000162558.71",5.98642573161953e-18,0.866645049937345,0.729,0.179,1.97827424727099e-13,"radial glia","radial glia vs imature Glutamatergic","Gas5","ENSMUST00000162558.7"
"Gas5..ENSMUST00000159706.71",4.60697436651395e-14,-0.917847360085983,0.657,0.863,1.5224207491582e-09,"imature Glutamatergic","radial glia vs imature Glutamatergic","Gas5","ENSMUST00000159706.7"
"Bnip2..ENSMUST00000034754.112",2.21425656374067e-16,0.406004520192972,0.271,0,7.31723224053740e-12,"radial glia","radial glia vs imature Glutamatergic","Bnip2","ENSMUST00000034754.11"
"Bnip2..ENSMUST00000085393.122",0.0288242631750516,-0.324808930301202,0.057,0.15,1,"imature Glutamatergic","radial glia vs imature Glutamatergic","Bnip2","ENSMUST00000085393.12"
"Meaf6..ENSMUST00000154689.71",5.429079215929e-15,0.344165299368698,0.286,0.009,1.7940935176959e-10,"radial glia","radial glia vs imature Glutamatergic","Meaf6","ENSMUST00000154689.7"
"Meaf6..ENSMUST00000106171.81",0.00179369224976408,-0.521362521767577,0.143,0.299,1,"imature Glutamatergic","radial glia vs imature Glutamatergic","Meaf6","ENSMUST00000106171.8"
"Nfix..ENSMUST00000132236.1",4.16544328126003e-13,0.436324116803492,0.3,0.021,1.37651238672519e-08,"radial glia","radial glia vs imature Glutamatergic","Nfix","ENSMUST00000132236.1"
"Nfix..ENSMUST00000109764.7",0.0204345290963902,-0.358464095509839,0.114,0.222,1,"imature Glutamatergic","radial glia vs imature Glutamatergic","Nfix","ENSMUST00000109764.7"
"Ap1s2..ENSMUST00000033734.131",4.30828093342119e-13,0.304467290038186,0.214,0,1.42371451725837e-08,"radial glia","radial glia vs imature Glutamatergic","Ap1s2","ENSMUST00000033734.13"
"Ap1s2..ENSMUST00000069041.141",4.11158348436912e-05,-0.476148847435124,0,0.205,1,"imature Glutamatergic","radial glia vs imature Glutamatergic","Ap1s2","ENSMUST00000069041.14"
"Bad..ENSMUST00000113423.9",4.42137529882932e-12,0.443658106063148,0.457,0.085,1.46108768125114e-07,"radial glia","radial glia vs imature Glutamatergic","Bad","ENSMUST00000113423.9"
"Bad..ENSMUST00000025910.11",0.0316600103830663,-0.34955754614824,0.2,0.308,1,"imature Glutamatergic","radial glia vs imature Glutamatergic","Bad","ENSMUST00000025910.11"
"Shisa4..ENSMUST00000041240.3",3.06558249180996e-11,0.575950252484088,0.514,0.128,1.01305239024352e-06,"radial glia","radial glia vs imature Glutamatergic","Shisa4","ENSMUST00000041240.3"
"Shisa4..ENSMUST00000159918.1",0.00692928569305444,-0.369566769686186,0.071,0.201,1,"imature Glutamatergic","radial glia vs imature Glutamatergic","Shisa4","ENSMUST00000159918.1"
"Borcs8..ENSMUST00000002418.141",5.66822630544963e-10,0.321928081149356,0.3,0.038,1.87312206489889e-05,"radial glia","radial glia vs imature Glutamatergic","Borcs8","ENSMUST00000002418.14"
"Borcs8..ENSMUST00000123976.11",0.00253892701562273,-0.474559272520983,0.114,0.265,1,"imature Glutamatergic","radial glia vs imature Glutamatergic","Borcs8","ENSMUST00000123976.1"
"Cdc42..ENSMUST00000030417.91",5.93388726346321e-10,-0.988840578226695,0.143,0.517,1.96091238508405e-05,"imature Glutamatergic","radial glia vs imature Glutamatergic","Cdc42","ENSMUST00000030417.9"
"Cdc42..ENSMUST00000051477.121",0.00359802819897326,0.28306514772932,0.8,0.59,1,"radial glia","radial glia vs imature Glutamatergic","Cdc42","ENSMUST00000051477.12"
"Exoc7..ENSMUST00000106411.9",1.26532923022151e-08,0.267086603284573,0.171,0.009,0.000418140697418999,"radial glia","radial glia vs imature Glutamatergic","Exoc7","ENSMUST00000106411.9"
"Exoc7..ENSMUST00000021147.13",0.00278503805527263,-0.36759612729114,0.029,0.162,1,"imature Glutamatergic","radial glia vs imature Glutamatergic","Exoc7","ENSMUST00000021147.13"
"Smarcb1..ENSMUST00000121304.1",1.51979412332736e-08,0.445013887975737,0.586,0.205,0.00050223116599476,"radial glia","radial glia vs imature Glutamatergic","Smarcb1","ENSMUST00000121304.1"
"Smarcb1..ENSMUST00000000925.9",0.000371773441050697,-0.447422633327567,0.671,0.684,1,"imature Glutamatergic","radial glia vs imature Glutamatergic","Smarcb1","ENSMUST00000000925.9"
"Pantr1..ENSMUST00000180689.71",3.02255255414759e-08,0.359503913407489,0.471,0.137,0.000998832717043612,"radial glia","radial glia vs imature Glutamatergic","Pantr1","ENSMUST00000180689.7"
"Pantr1..ENSMUST00000188153.61",4.05008312593265e-07,0.449300023675117,0.657,0.299,0.013383904697957,"radial glia","radial glia vs imature Glutamatergic","Pantr1","ENSMUST00000188153.6"
"Pantr1..ENSMUST00000181725.71",1.94434679927128e-06,-0.554706701850016,0.814,0.889,0.0642528843287186,"imature Glutamatergic","radial glia vs imature Glutamatergic","Pantr1","ENSMUST00000181725.7"
"Erp29..ENSMUST00000130451.1",0.000603061665625069,0.259317509277658,0.771,0.513,1,"radial glia","radial glia vs imature Glutamatergic","Erp29","ENSMUST00000130451.1"
"Erp29..ENSMUST00000052590.7",0.0100557634116487,-0.416536229842149,0.129,0.252,1,"imature Glutamatergic","radial glia vs imature Glutamatergic","Erp29","ENSMUST00000052590.7"
"Gpm6b..ENSMUST00000112235.73",9.58798562629146e-50,1.62891862986846,0.714,0.007,3.16844573006428e-45,"radial glia","radial glia vs mature Glutamatergic","Gpm6b","ENSMUST00000112235.7"
"Gpm6b..ENSMUST00000112224.73",1.52452107820945e-19,0.716670262073411,0.443,0.047,5.03793235505095e-15,"radial glia","radial glia vs mature Glutamatergic","Gpm6b","ENSMUST00000112224.7"
"Gpm6b..ENSMUST00000112233.73",3.42375548178162e-15,0.373885029838888,0.214,0,1.13141423650955e-10,"radial glia","radial glia vs mature Glutamatergic","Gpm6b","ENSMUST00000112233.7"
"Gpm6b..ENSMUST00000060210.133",1.28568284870345e-09,0.426247975967596,0.414,0.108,4.24866754182541e-05,"radial glia","radial glia vs mature Glutamatergic","Gpm6b","ENSMUST00000060210.13"
"Gpm6b..ENSMUST00000112228.73",0.000594904881596933,-0.362356892755133,0.086,0.277,1,"mature Glutamatergic","radial glia vs mature Glutamatergic","Gpm6b","ENSMUST00000112228.7"
"Sh3glb1..ENSMUST00000163279.51",1.99070831240109e-40,0.942076567935359,0.586,0.004,6.57849468916064e-36,"radial glia","radial glia vs mature Glutamatergic","Sh3glb1","ENSMUST00000163279.5"
"Sh3glb1..ENSMUST00000198254.41",4.78887389190077e-05,-0.416510776882994,0.029,0.245,1,"mature Glutamatergic","radial glia vs mature Glutamatergic","Sh3glb1","ENSMUST00000198254.4"
"Eef1d..ENSMUST00000154584.81",1.7843601094859e-34,1.32863319980533,0.871,0.212,5.89659641780709e-30,"radial glia","radial glia vs mature Glutamatergic","Eef1d","ENSMUST00000154584.8"
"Eef1d..ENSMUST00000089681.111",4.44954821228523e-05,-0.35471592105594,0.029,0.248,1,"mature Glutamatergic","radial glia vs mature Glutamatergic","Eef1d","ENSMUST00000089681.11"
"Rtn1..ENSMUST00000137990.12",2.10136586562341e-33,-1.56853333937678,0.843,0.989,6.94417363953913e-29,"mature Glutamatergic","radial glia vs mature Glutamatergic","Rtn1","ENSMUST00000137990.1"
"Rtn1..ENSMUST00000021497.151",9.03068782506049e-32,-1.42627623056618,0.8,0.993,2.98428109866949e-27,"mature Glutamatergic","radial glia vs mature Glutamatergic","Rtn1","ENSMUST00000021497.15"
"Rtn1..ENSMUST00000078505.132",0.00437605588452104,0.275541890114634,0.243,0.115,1,"radial glia","radial glia vs mature Glutamatergic","Rtn1","ENSMUST00000078505.13"
"Pkm..ENSMUST00000034834.152",1.0066080218617e-31,1.76240702009255,0.929,0.385,3.32643686904416e-27,"radial glia","radial glia vs mature Glutamatergic","Pkm","ENSMUST00000034834.15"
"Pkm..ENSMUST00000163694.32",5.55888340058114e-27,-1.76746155217376,0.129,0.845,1.83698860855604e-22,"mature Glutamatergic","radial glia vs mature Glutamatergic","Pkm","ENSMUST00000163694.3"
"Clta..ENSMUST00000107849.91",1.29650634330755e-27,-1.68052847268627,0.071,0.86,4.28443486209412e-23,"mature Glutamatergic","radial glia vs mature Glutamatergic","Clta","ENSMUST00000107849.9"
"Clta..ENSMUST00000170241.71",2.18006576656736e-22,1.00702025844778,0.9,0.478,7.2042453321985e-18,"radial glia","radial glia vs mature Glutamatergic","Clta","ENSMUST00000170241.7"
"Clta..ENSMUST00000107845.3",1.35638644840686e-09,0.285761162956422,0.286,0.047,4.48231465740531e-05,"radial glia","radial glia vs mature Glutamatergic","Clta","ENSMUST00000107845.3"
"Faim..ENSMUST00000035038.72",5.91928736824506e-25,0.607584181888007,0.357,0,1.95608770371026e-20,"radial glia","radial glia vs mature Glutamatergic","Faim","ENSMUST00000035038.7"
"Faim..ENSMUST00000112911.82",6.79753912650827e-08,-0.547486831837185,0.086,0.435,0.00224631477974592,"mature Glutamatergic","radial glia vs mature Glutamatergic","Faim","ENSMUST00000112911.8"
"Myl6..ENSMUST00000218127.1",2.84991285328931e-24,1.17007662261373,0.9,0.356,9.41782201497986e-20,"radial glia","radial glia vs mature Glutamatergic","Myl6","ENSMUST00000218127.1"
"Myl6..ENSMUST00000164181.1",4.72524560667884e-07,-0.325346224071398,0.743,0.881,0.0156150466318309,"mature Glutamatergic","radial glia vs mature Glutamatergic","Myl6","ENSMUST00000164181.1"
"Cdc42..ENSMUST00000030417.92",6.29108390206492e-24,-1.4222354346391,0.143,0.802,2.07895158627637e-19,"mature Glutamatergic","radial glia vs mature Glutamatergic","Cdc42","ENSMUST00000030417.9"
"Cdc42..ENSMUST00000051477.122",2.30412744573617e-06,0.491891638516971,0.8,0.633,0.0761421955717976,"radial glia","radial glia vs mature Glutamatergic","Cdc42","ENSMUST00000051477.12"
"Gas5..ENSMUST00000162558.72",3.70006575359967e-22,0.985758845794782,0.729,0.183,1.22272372893455e-17,"radial glia","radial glia vs mature Glutamatergic","Gas5","ENSMUST00000162558.7"
"Gas5..ENSMUST00000159706.72",3.47715298692706e-13,-0.826723152895438,0.657,0.899,1.14905997605992e-08,"mature Glutamatergic","radial glia vs mature Glutamatergic","Gas5","ENSMUST00000159706.7"
"Meaf6..ENSMUST00000154689.72",1.01932722670942e-18,0.35203822892542,0.286,0.004,3.36846875338395e-14,"radial glia","radial glia vs mature Glutamatergic","Meaf6","ENSMUST00000154689.7"
"Meaf6..ENSMUST00000106171.82",7.06952623775917e-07,-0.56196186909093,0.143,0.439,0.023361956405299,"mature Glutamatergic","radial glia vs mature Glutamatergic","Meaf6","ENSMUST00000106171.8"
"Bnip2..ENSMUST00000034754.113",9.10561066294249e-18,0.401913614694291,0.271,0.004,3.00904009967598e-13,"radial glia","radial glia vs mature Glutamatergic","Bnip2","ENSMUST00000034754.11"
"Bnip2..ENSMUST00000085393.123",0.00135564270056212,-0.282129191332811,0.057,0.216,1,"mature Glutamatergic","radial glia vs mature Glutamatergic","Bnip2","ENSMUST00000085393.12"
"Ctnnd2..ENSMUST00000228695.1",1.24594088761965e-17,0.496609267972796,0.3,0.011,4.1173362572279e-13,"radial glia","radial glia vs mature Glutamatergic","Ctnnd2","ENSMUST00000228695.1"
"Ctnnd2..ENSMUST00000226797.1",1.38344535658694e-05,-0.636729425224892,0.1,0.349,0.457173352537722,"mature Glutamatergic","radial glia vs mature Glutamatergic","Ctnnd2","ENSMUST00000226797.1"
"Zfand6..ENSMUST00000209117.11",1.17352072394362e-16,0.444660851920911,0.3,0.014,3.8780165843441e-12,"radial glia","radial glia vs mature Glutamatergic","Zfand6","ENSMUST00000209117.1"
"Zfand6..ENSMUST00000178385.81",0.00322307872940464,-0.297984117704724,0.186,0.36,1,"mature Glutamatergic","radial glia vs mature Glutamatergic","Zfand6","ENSMUST00000178385.8"
"Tecr..ENSMUST00000165740.8",6.02551634927005e-15,-0.969309651476928,0.386,0.773,1.99119213277978e-10,"mature Glutamatergic","radial glia vs mature Glutamatergic","Tecr","ENSMUST00000165740.8"
"Tecr..ENSMUST00000019382.16",1.98270270963982e-05,0.44631271702204,0.843,0.637,0.655203937427574,"radial glia","radial glia vs mature Glutamatergic","Tecr","ENSMUST00000019382.16"
"Ap1s2..ENSMUST00000033734.132",6.6229041252929e-13,0.29623831598561,0.214,0.007,2.18860489724429e-08,"radial glia","radial glia vs mature Glutamatergic","Ap1s2","ENSMUST00000033734.13"
"Ap1s2..ENSMUST00000069041.142",3.63840380201754e-09,-0.67166162777342,0,0.367,0.000120234692041472,"mature Glutamatergic","radial glia vs mature Glutamatergic","Ap1s2","ENSMUST00000069041.14"
"Borcs8..ENSMUST00000002418.142",1.40823723046961e-12,0.383330637755369,0.3,0.032,4.65366075180987e-08,"radial glia","radial glia vs mature Glutamatergic","Borcs8","ENSMUST00000002418.14"
"Borcs8..ENSMUST00000123976.12",1.31362693054519e-06,-0.505574432634115,0.114,0.403,0.0434101155467963,"mature Glutamatergic","radial glia vs mature Glutamatergic","Borcs8","ENSMUST00000123976.1"
"Exoc7..ENSMUST00000106411.91",2.34976300644055e-12,0.281829988261517,0.171,0,7.76502683108343e-08,"radial glia","radial glia vs mature Glutamatergic","Exoc7","ENSMUST00000106411.9"
"Exoc7..ENSMUST00000021147.131",0.00272486035727632,-0.255681442546005,0.029,0.162,1,"mature Glutamatergic","radial glia vs mature Glutamatergic","Exoc7","ENSMUST00000021147.13"
"Nfix..ENSMUST00000132236.11",7.65393373803949e-10,0.40709297090173,0.3,0.05,2.52931894307253e-05,"radial glia","radial glia vs mature Glutamatergic","Nfix","ENSMUST00000132236.1"
"Nfix..ENSMUST00000109764.71",0.000422568124893961,-0.411824786448733,0.114,0.309,1,"mature Glutamatergic","radial glia vs mature Glutamatergic","Nfix","ENSMUST00000109764.7"
"Ogt..ENSMUST00000155792.1",1.09211707659794e-08,-0.793653144427079,0.171,0.547,0.000360901009132556,"mature Glutamatergic","radial glia vs mature Glutamatergic","Ogt","ENSMUST00000155792.1"
"Ogt..ENSMUST00000150161.7",0.000458196399250455,0.275647316103323,0.386,0.191,1,"radial glia","radial glia vs mature Glutamatergic","Ogt","ENSMUST00000150161.7"
"Smarcb1..ENSMUST00000121304.11",1.61012175380346e-08,0.492203527274434,0.586,0.266,0.000532080834761891,"radial glia","radial glia vs mature Glutamatergic","Smarcb1","ENSMUST00000121304.1"
"Smarcb1..ENSMUST00000000925.91",0.00194224642655325,-0.315393787075533,0.671,0.741,1,"mature Glutamatergic","radial glia vs mature Glutamatergic","Smarcb1","ENSMUST00000000925.9"
"Hnrnpk..ENSMUST00000224182.1",6.11646606265072e-08,0.651463329364544,0.757,0.579,0.00202124737506356,"radial glia","radial glia vs mature Glutamatergic","Hnrnpk","ENSMUST00000224182.1"
"Hnrnpk..ENSMUST00000176207.7",0.00172733932747633,-0.270923909781561,0.143,0.349,1,"mature Glutamatergic","radial glia vs mature Glutamatergic","Hnrnpk","ENSMUST00000176207.7"
"Hnrnpk..ENSMUST00000225674.1",0.0109084032961936,0.2959932682591,0.557,0.432,1,"radial glia","radial glia vs mature Glutamatergic","Hnrnpk","ENSMUST00000225674.1"
"Rpl15..ENSMUST00000079419.11",2.43117891415503e-06,0.40152985415873,0.571,0.288,0.0803407383971671,"radial glia","radial glia vs mature Glutamatergic","Rpl15","ENSMUST00000079419.11"
"Rpl15..ENSMUST00000112598.8",0.0413100201902441,-0.334967440168295,0.3,0.385,1,"mature Glutamatergic","radial glia vs mature Glutamatergic","Rpl15","ENSMUST00000112598.8"
"Vps29..ENSMUST00000118830.7",1.22231935130572e-05,0.297989407196305,0.457,0.191,0.403927652832488,"radial glia","radial glia vs mature Glutamatergic","Vps29","ENSMUST00000118830.7"
"Vps29..ENSMUST00000155671.7",6.33552261509631e-05,-0.444129644127378,0.5,0.683,1,"mature Glutamatergic","radial glia vs mature Glutamatergic","Vps29","ENSMUST00000155671.7"
"Ewsr1..ENSMUST00000102930.9",2.23347962234331e-05,-0.350483053129665,0,0.216,0.73807567599957,"mature Glutamatergic","radial glia vs mature Glutamatergic","Ewsr1","ENSMUST00000102930.9"
"Ewsr1..ENSMUST00000079949.12",0.00272391422780414,0.356205020519721,0.571,0.432,1,"radial glia","radial glia vs mature Glutamatergic","Ewsr1","ENSMUST00000079949.12"
"Morf4l2..ENSMUST00000080411.12",4.98507155124101e-05,0.329237611464188,0.871,0.745,1,"radial glia","radial glia vs mature Glutamatergic","Morf4l2","ENSMUST00000080411.12"
"Morf4l2..ENSMUST00000169418.7",0.000246579064305325,-0.341929024811063,0.029,0.216,1,"mature Glutamatergic","radial glia vs mature Glutamatergic","Morf4l2","ENSMUST00000169418.7"
"Morf4l2..ENSMUST00000155207.7",0.000788532385645561,-0.368850895143916,0.057,0.23,1,"mature Glutamatergic","radial glia vs mature Glutamatergic","Morf4l2","ENSMUST00000155207.7"
"Polr1d..ENSMUST00000110557.4",0.000154513086334162,0.323864328173658,0.786,0.615,1,"radial glia","radial glia vs mature Glutamatergic","Polr1d","ENSMUST00000110557.4"
"Polr1d..ENSMUST00000050970.3",0.000269658977287395,-0.371934183720256,0.629,0.773,1,"mature Glutamatergic","radial glia vs mature Glutamatergic","Polr1d","ENSMUST00000050970.3"
"Gpm6b..ENSMUST00000112235.74",3.25770309127938e-30,1.64018665336097,0.714,0,1.07654056354418e-25,"radial glia","radial glia vs imature GABAergic","Gpm6b","ENSMUST00000112235.7"
"Gpm6b..ENSMUST00000112224.74",4.46634558425704e-14,0.710578082667709,0.443,0.028,1.47594856177358e-09,"radial glia","radial glia vs imature GABAergic","Gpm6b","ENSMUST00000112224.7"
"Gpm6b..ENSMUST00000060210.134",1.02388272084254e-12,0.484965123560029,0.414,0.028,3.38352283929627e-08,"radial glia","radial glia vs imature GABAergic","Gpm6b","ENSMUST00000060210.13"
"Gpm6b..ENSMUST00000112233.74",9.50635651746334e-09,0.373885029838888,0.214,0,0.000314147057476094,"radial glia","radial glia vs imature GABAergic","Gpm6b","ENSMUST00000112233.7"
"Gpm6b..ENSMUST00000112228.74",0.000778134111103689,-0.618636028932648,0.086,0.264,1,"imature GABAergic","radial glia vs imature GABAergic","Gpm6b","ENSMUST00000112228.7"
"Eef1d..ENSMUST00000154584.82",4.72763730705452e-23,1.18778177276816,0.871,0.16,1.56229502448924e-18,"radial glia","radial glia vs imature GABAergic","Eef1d","ENSMUST00000154584.8"
"Eef1d..ENSMUST00000089681.112",0.0140960593323396,-0.34714864339119,0.029,0.132,1,"imature GABAergic","radial glia vs imature GABAergic","Eef1d","ENSMUST00000089681.11"
"Rtn1..ENSMUST00000137990.13",5.93742628970965e-18,-1.14258123993779,0.843,0.951,1.96208189169745e-13,"imature GABAergic","radial glia vs imature GABAergic","Rtn1","ENSMUST00000137990.1"
"Rtn1..ENSMUST00000021497.152",2.83135746955079e-16,-1.0562564547012,0.8,0.944,9.35650389387754e-12,"imature GABAergic","radial glia vs imature GABAergic","Rtn1","ENSMUST00000021497.15"
"Rtn1..ENSMUST00000078505.133",0.000250622628465112,0.308845840017505,0.243,0.062,1,"radial glia","radial glia vs imature GABAergic","Rtn1","ENSMUST00000078505.13"
"Sh3glb1..ENSMUST00000163279.52",1.88691081303882e-17,0.787429857372464,0.586,0.049,6.23548547276809e-13,"radial glia","radial glia vs imature GABAergic","Sh3glb1","ENSMUST00000163279.5"
"Sh3glb1..ENSMUST00000198254.42",0.00743885430706438,-0.390959082321376,0.029,0.146,1,"imature GABAergic","radial glia vs imature GABAergic","Sh3glb1","ENSMUST00000198254.4"
"Atp5c1..ENSMUST00000026887.13",6.19753889506628e-17,0.688455642057241,0.471,0.014,2.0480387032636e-12,"radial glia","radial glia vs imature GABAergic","Atp5c1","ENSMUST00000026887.13"
"Atp5c1..ENSMUST00000114897.8",0.000125116190271052,-0.389801203328011,0.857,0.882,1,"imature GABAergic","radial glia vs imature GABAergic","Atp5c1","ENSMUST00000114897.8"
"Gas5..ENSMUST00000162558.73",2.75472659274093e-16,0.901914423174672,0.729,0.132,9.10326949837169e-12,"radial glia","radial glia vs imature GABAergic","Gas5","ENSMUST00000162558.7"
"Gas5..ENSMUST00000159706.73",3.97664539509616e-08,-0.770772044040791,0.657,0.785,0.00131412223726348,"imature GABAergic","radial glia vs imature GABAergic","Gas5","ENSMUST00000159706.7"
"Pkm..ENSMUST00000163694.33",1.47101081828621e-13,-1.53766363281378,0.129,0.625,4.86110235010861e-09,"imature GABAergic","radial glia vs imature GABAergic","Pkm","ENSMUST00000163694.3"
"Pkm..ENSMUST00000034834.153",7.2435165957684e-11,0.750951319863857,0.929,0.576,2.39369249423763e-06,"radial glia","radial glia vs imature GABAergic","Pkm","ENSMUST00000034834.15"
"Meaf6..ENSMUST00000154689.73",1.997586543778e-10,0.33523292609305,0.286,0.007,6.60122449256877e-06,"radial glia","radial glia vs imature GABAergic","Meaf6","ENSMUST00000154689.7"
"Meaf6..ENSMUST00000106171.83",0.000139443841675662,-0.733739975000859,0.143,0.354,1,"imature GABAergic","radial glia vs imature GABAergic","Meaf6","ENSMUST00000106171.8"
"Clta..ENSMUST00000107849.92",2.94009041440811e-10,-1.18247557828117,0.071,0.507,9.71582278345305e-06,"imature GABAergic","radial glia vs imature GABAergic","Clta","ENSMUST00000107849.9"
"Clta..ENSMUST00000170241.72",5.10627838633158e-05,0.335298890772536,0.9,0.59,1,"radial glia","radial glia vs imature GABAergic","Clta","ENSMUST00000170241.7"
"Faim..ENSMUST00000035038.73",6.95590022601738e-10,0.480483935890642,0.357,0.035,2.2986467886897e-05,"radial glia","radial glia vs imature GABAergic","Faim","ENSMUST00000035038.7"
"Faim..ENSMUST00000112911.83",0.00650229131140196,-0.417754406625381,0.086,0.229,1,"imature GABAergic","radial glia vs imature GABAergic","Faim","ENSMUST00000112911.8"
"Bnip2..ENSMUST00000034754.114",4.7551484071481e-09,0.368005720147098,0.271,0.014,0.000157138634262616,"radial glia","radial glia vs imature GABAergic","Bnip2","ENSMUST00000034754.11"
"Bnip2..ENSMUST00000085393.124",0.00173020482742155,-0.570136774112443,0.057,0.215,1,"imature GABAergic","radial glia vs imature GABAergic","Bnip2","ENSMUST00000085393.12"
"Ap1s2..ENSMUST00000033734.133",9.50635651746334e-09,0.304467290038186,0.214,0,0.000314147057476094,"radial glia","radial glia vs imature GABAergic","Ap1s2","ENSMUST00000033734.13"
"Ap1s2..ENSMUST00000069041.143",1.35350772550437e-07,-0.87635103961872,0,0.319,0.00447280162970175,"imature GABAergic","radial glia vs imature GABAergic","Ap1s2","ENSMUST00000069041.14"
"Smarcb1..ENSMUST00000121304.12",1.67057727368182e-08,0.432305531503342,0.586,0.153,0.000552058965860894,"radial glia","radial glia vs imature GABAergic","Smarcb1","ENSMUST00000121304.1"
"Smarcb1..ENSMUST00000000925.92",0.000833807249557251,-0.462911622198722,0.671,0.653,1,"imature GABAergic","radial glia vs imature GABAergic","Smarcb1","ENSMUST00000000925.9"
"Tecr..ENSMUST00000019382.161",2.19571019244992e-08,0.634105078561495,0.843,0.396,0.000725594390197,"radial glia","radial glia vs imature GABAergic","Tecr","ENSMUST00000019382.16"
"Tecr..ENSMUST00000165740.81",0.00346286076226814,-0.591397199391792,0.386,0.472,1,"imature GABAergic","radial glia vs imature GABAergic","Tecr","ENSMUST00000165740.8"
"Borcs8..ENSMUST00000002418.143",8.43051433071434e-08,0.28717438713771,0.3,0.035,0.00278594776572786,"radial glia","radial glia vs imature GABAergic","Borcs8","ENSMUST00000002418.14"
"Borcs8..ENSMUST00000123976.13",0.00826466706266977,-0.54402157119555,0.114,0.243,1,"imature GABAergic","radial glia vs imature GABAergic","Borcs8","ENSMUST00000123976.1"
"Exoc7..ENSMUST00000106411.92",3.46543532005478e-07,0.281829988261517,0.171,0,0.011451877558653,"radial glia","radial glia vs imature GABAergic","Exoc7","ENSMUST00000106411.9"
"Exoc7..ENSMUST00000021147.132",0.0257649553965467,-0.335264893087231,0.029,0.118,1,"imature GABAergic","radial glia vs imature GABAergic","Exoc7","ENSMUST00000021147.13"
"Erp29..ENSMUST00000130451.11",1.95145098310231e-06,0.44343000462744,0.771,0.382,0.0644876491875989,"radial glia","radial glia vs imature GABAergic","Erp29","ENSMUST00000130451.1"
"Erp29..ENSMUST00000052590.71",0.0217475669492978,-0.526234280480097,0.129,0.236,1,"imature GABAergic","radial glia vs imature GABAergic","Erp29","ENSMUST00000052590.7"
"Cdc42..ENSMUST00000030417.93",4.00510806010225e-06,-0.950039036646585,0.143,0.41,0.132352800954139,"imature GABAergic","radial glia vs imature GABAergic","Cdc42","ENSMUST00000030417.9"
"Cdc42..ENSMUST00000051477.123",0.014016176767792,0.273656573414771,0.8,0.556,1,"radial glia","radial glia vs imature GABAergic","Cdc42","ENSMUST00000051477.12"
"Eef1d..ENSMUST00000154584.83",3.68837418215108e-30,1.31867051643304,0.871,0.116,1.21886013223364e-25,"radial glia","radial glia vs mature GABAergic","Eef1d","ENSMUST00000154584.8"
"Eef1d..ENSMUST00000089681.113",0.0347733924259977,-0.334645552869384,0.029,0.11,1,"mature GABAergic","radial glia vs mature GABAergic","Eef1d","ENSMUST00000089681.11"
"Myl6..ENSMUST00000218127.11",6.52851247387185e-27,1.26562543645932,0.9,0.145,2.15741223211569e-22,"radial glia","radial glia vs mature GABAergic","Myl6","ENSMUST00000218127.1"
"Myl6..ENSMUST00000164181.11",4.72683924517668e-06,-0.422175868013159,0.743,0.792,0.156203129696109,"mature GABAergic","radial glia vs mature GABAergic","Myl6","ENSMUST00000164181.1"
"Sh3glb1..ENSMUST00000163279.53",8.59251455029251e-26,0.914850527312373,0.586,0.012,2.83948235828966e-21,"radial glia","radial glia vs mature GABAergic","Sh3glb1","ENSMUST00000163279.5"
"Sh3glb1..ENSMUST00000198254.43",0.00426264299236127,-0.519874034141138,0.029,0.156,1,"mature GABAergic","radial glia vs mature GABAergic","Sh3glb1","ENSMUST00000198254.4"
"Clta..ENSMUST00000107849.93",4.1696432786523e-22,-1.81039821473288,0.071,0.792,1.37790031786344e-17,"mature GABAergic","radial glia vs mature GABAergic","Clta","ENSMUST00000107849.9"
"Clta..ENSMUST00000170241.73",8.16467676698803e-16,0.847055805735587,0.9,0.312,2.69809908441886e-11,"radial glia","radial glia vs mature GABAergic","Clta","ENSMUST00000170241.7"
"Clta..ENSMUST00000107845.31",1.40258152686356e-09,0.28061202643527,0.286,0.023,4.63497091367332e-05,"radial glia","radial glia vs mature GABAergic","Clta","ENSMUST00000107845.3"
"Atp5c1..ENSMUST00000026887.131",4.51901826890729e-22,0.736521132700964,0.471,0,1.4933547771431e-17,"radial glia","radial glia vs mature GABAergic","Atp5c1","ENSMUST00000026887.13"
"Atp5c1..ENSMUST00000114897.81",0.000212644650654885,-0.341175204152353,0.857,0.902,1,"mature GABAergic","radial glia vs mature GABAergic","Atp5c1","ENSMUST00000114897.8"
"Pkm..ENSMUST00000034834.154",1.45177251295926e-21,1.30906005814449,0.929,0.399,4.79752744632516e-17,"radial glia","radial glia vs mature GABAergic","Pkm","ENSMUST00000034834.15"
"Pkm..ENSMUST00000163694.34",4.16971625760059e-17,-1.62970297282438,0.129,0.694,1.37792443448669e-12,"mature GABAergic","radial glia vs mature GABAergic","Pkm","ENSMUST00000163694.3"
"Gas5..ENSMUST00000162558.74",5.56830198347012e-20,0.926629805152813,0.729,0.104,1.84010107345754e-15,"radial glia","radial glia vs mature GABAergic","Gas5","ENSMUST00000162558.7"
"Gas5..ENSMUST00000159706.74",1.4268074828693e-07,-0.711859622713269,0.657,0.751,0.0047150280078899,"mature GABAergic","radial glia vs mature GABAergic","Gas5","ENSMUST00000159706.7"
"Faim..ENSMUST00000035038.74",1.76166983036061e-15,0.587678075476038,0.357,0.006,5.82161412140966e-11,"radial glia","radial glia vs mature GABAergic","Faim","ENSMUST00000035038.7"
"Faim..ENSMUST00000112911.84",0.00921649069743814,-0.480949049091589,0.086,0.214,1,"mature GABAergic","radial glia vs mature GABAergic","Faim","ENSMUST00000112911.8"
"Meaf6..ENSMUST00000154689.74",2.61542413401773e-13,0.358124763890977,0.286,0,8.64293059327498e-09,"radial glia","radial glia vs mature GABAergic","Meaf6","ENSMUST00000154689.7"
"Meaf6..ENSMUST00000106171.84",0.00707784613451038,-0.650928224968508,0.143,0.272,1,"mature GABAergic","radial glia vs mature GABAergic","Meaf6","ENSMUST00000106171.8"
"Bnip2..ENSMUST00000034754.115",1.13933989864957e-12,0.406004520192972,0.271,0,3.76506262907737e-08,"radial glia","radial glia vs mature GABAergic","Bnip2","ENSMUST00000034754.11"
"Bnip2..ENSMUST00000085393.125",0.0299576958365685,-0.444454956771326,0.057,0.15,1,"mature GABAergic","radial glia vs mature GABAergic","Bnip2","ENSMUST00000085393.12"
"Smarcb1..ENSMUST00000121304.13",1.87744067229165e-11,0.504386452600072,0.586,0.121,6.204190445655e-07,"radial glia","radial glia vs mature GABAergic","Smarcb1","ENSMUST00000121304.1"
"Smarcb1..ENSMUST00000000925.93",0.0386428670653449,-0.43389474211577,0.671,0.543,1,"mature GABAergic","radial glia vs mature GABAergic","Smarcb1","ENSMUST00000000925.9"
"Borcs8..ENSMUST00000002418.144",5.33616781227883e-11,0.369523645059352,0.3,0.017,1.76339001524566e-06,"radial glia","radial glia vs mature GABAergic","Borcs8","ENSMUST00000002418.14"
"Borcs8..ENSMUST00000123976.14",0.0200840734880816,-0.534696700746904,0.114,0.22,1,"mature GABAergic","radial glia vs mature GABAergic","Borcs8","ENSMUST00000123976.1"
"Exoc7..ENSMUST00000106411.93",2.5628912839635e-08,0.281829988261517,0.171,0,0.000846933053698579,"radial glia","radial glia vs mature GABAergic","Exoc7","ENSMUST00000106411.9"
"Exoc7..ENSMUST00000021147.133",0.000813495894967306,-0.532672606558457,0.029,0.191,1,"mature GABAergic","radial glia vs mature GABAergic","Exoc7","ENSMUST00000021147.13"
"Cdc42..ENSMUST00000030417.94",5.83082678615483e-08,-1.22255783899841,0.143,0.462,0.00192685501975273,"mature GABAergic","radial glia vs mature GABAergic","Cdc42","ENSMUST00000030417.9"
"Cdc42..ENSMUST00000051477.124",1.92708197632703e-05,0.425971566530697,0.8,0.422,0.636823509897031,"radial glia","radial glia vs mature GABAergic","Cdc42","ENSMUST00000051477.12"
"Tecr..ENSMUST00000165740.82",6.9085747003715e-08,-1.02272586391459,0.386,0.601,0.00228300759548477,"mature GABAergic","radial glia vs mature GABAergic","Tecr","ENSMUST00000165740.8"
"Tecr..ENSMUST00000019382.162",1.21130077184889e-07,0.555925356963189,0.843,0.382,0.00400286453065185,"radial glia","radial glia vs mature GABAergic","Tecr","ENSMUST00000019382.16"
"Ewsr1..ENSMUST00000102930.91",9.34074975722543e-05,-0.604609461490471,0,0.191,1,"mature GABAergic","radial glia vs mature GABAergic","Ewsr1","ENSMUST00000102930.9"
"Ewsr1..ENSMUST00000079949.121",0.00125228970366942,0.300969735653662,0.571,0.295,1,"radial glia","radial glia vs mature GABAergic","Ewsr1","ENSMUST00000079949.12"
"Rps24..ENSMUST00000223999.1",8.03097970605085e-13,-1.50568904280769,0.043,0.812,2.65391755366157e-08,"Cajal-Retzius","radial glia vs Cajal-Retzius","Rps24","ENSMUST00000223999.1"
"Rps24..ENSMUST00000169826.2",9.15955093928233e-05,0.518198735740905,1,1,1,"radial glia","radial glia vs Cajal-Retzius","Rps24","ENSMUST00000169826.2"
"Ap1s2..ENSMUST00000069041.144",5.05898796963558e-11,-0.963156110517393,0,0.562,1.67179316444577e-06,"Cajal-Retzius","radial glia vs Cajal-Retzius","Ap1s2","ENSMUST00000069041.14"
"Ap1s2..ENSMUST00000033734.134",0.0449285509181024,0.304467290038186,0.214,0,1,"radial glia","radial glia vs Cajal-Retzius","Ap1s2","ENSMUST00000033734.13"
"Sh3glb1..ENSMUST00000198254.44",7.75864440937735e-08,-0.781809986394714,0.029,0.5,0.00256392163152284,"Cajal-Retzius","radial glia vs Cajal-Retzius","Sh3glb1","ENSMUST00000198254.4"
"Sh3glb1..ENSMUST00000163279.54",8.62181499400402e-05,0.949083087411578,0.586,0,1,"radial glia","radial glia vs Cajal-Retzius","Sh3glb1","ENSMUST00000163279.5"
"Clta..ENSMUST00000107849.94",9.05516328365297e-08,-1.0968061917808,0.071,0.625,0.00299236925871596,"Cajal-Retzius","radial glia vs Cajal-Retzius","Clta","ENSMUST00000107849.9"
"Clta..ENSMUST00000107851.9",1.40860916688144e-07,-0.75452433341111,0,0.375,0.0046548898528764,"Cajal-Retzius","radial glia vs Cajal-Retzius","Clta","ENSMUST00000107851.9"
"Clta..ENSMUST00000170241.74",8.43785032412304e-07,1.29367317573148,0.9,0.188,0.027883720181097,"radial glia","radial glia vs Cajal-Retzius","Clta","ENSMUST00000170241.7"
"Clta..ENSMUST00000107845.32",0.0168037880091793,0.349193096293251,0.286,0,1,"radial glia","radial glia vs Cajal-Retzius","Clta","ENSMUST00000107845.3"
"Gnas..ENSMUST00000109083.1",1.40860916688144e-07,-0.667067925715638,0,0.375,0.0046548898528764,"Cajal-Retzius","radial glia vs Cajal-Retzius","Gnas","ENSMUST00000109083.1"
"Gnas..ENSMUST00000109084.7",6.31847822580138e-05,1.02528308438959,0.6,0,1,"radial glia","radial glia vs Cajal-Retzius","Gnas","ENSMUST00000109084.7"
"Gnas..ENSMUST00000133356.7",0.00313545320547562,-0.344963784193472,0,0.125,1,"Cajal-Retzius","radial glia vs Cajal-Retzius","Gnas","ENSMUST00000133356.7"
"Cdc42..ENSMUST00000030417.95",1.41883524827882e-07,-1.42004451922125,0.143,0.688,0.0046886829614622,"Cajal-Retzius","radial glia vs Cajal-Retzius","Cdc42","ENSMUST00000030417.9"
"Cdc42..ENSMUST00000051477.125",0.00812708300109073,0.608773335337354,0.8,0.5,1,"radial glia","radial glia vs Cajal-Retzius","Cdc42","ENSMUST00000051477.12"
"Pkm..ENSMUST00000034834.155",5.13849695369551e-07,1.6153097642971,0.929,0.312,0.0169806770331822,"radial glia","radial glia vs Cajal-Retzius","Pkm","ENSMUST00000034834.15"
"Pkm..ENSMUST00000163694.35",1.33712364835827e-05,-0.932532239557506,0.129,0.562,0.441865880836475,"Cajal-Retzius","radial glia vs Cajal-Retzius","Pkm","ENSMUST00000163694.3"
"Pkm..ENSMUST00000214571.1",0.0291188274406557,-0.452654512447053,0.014,0.125,1,"Cajal-Retzius","radial glia vs Cajal-Retzius","Pkm","ENSMUST00000214571.1"
"Sh3glb2..ENSMUST00000113621.9",2.21120791181463e-05,-0.429557985582807,0,0.25,0.730715766538262,"Cajal-Retzius","radial glia vs Cajal-Retzius","Sh3glb2","ENSMUST00000113621.9"
"Sh3glb2..ENSMUST00000028214.14",0.0168037880091793,0.366065559490202,0.286,0,1,"radial glia","radial glia vs Cajal-Retzius","Sh3glb2","ENSMUST00000028214.14"
"Faim..ENSMUST00000112911.85",3.5550568198193e-05,-0.772264599829585,0.086,0.5,1,"Cajal-Retzius","radial glia vs Cajal-Retzius","Faim","ENSMUST00000112911.8"
"Faim..ENSMUST00000035038.75",0.00577048160131413,0.607584181888007,0.357,0,1,"radial glia","radial glia vs Cajal-Retzius","Faim","ENSMUST00000035038.7"
"Gas5..ENSMUST00000162558.75",6.21960395156122e-05,1.05502126956196,0.729,0.125,1,"radial glia","radial glia vs Cajal-Retzius","Gas5","ENSMUST00000162558.7"
"Gas5..ENSMUST00000159706.75",0.0108731154644216,-0.902761049419508,0.657,0.75,1,"Cajal-Retzius","radial glia vs Cajal-Retzius","Gas5","ENSMUST00000159706.7"
"Psap..ENSMUST00000105465.7",0.000280941385661689,1.04289316753909,0.529,0,1,"radial glia","radial glia vs Cajal-Retzius","Psap","ENSMUST00000105465.7"
"Psap..ENSMUST00000179238.7",0.0160217986179815,-0.544522575202274,0.314,0.562,1,"Cajal-Retzius","radial glia vs Cajal-Retzius","Psap","ENSMUST00000179238.7"
"Myl6..ENSMUST00000164181.12",0.000377630981562689,1.06871543802362,0.743,0.25,1,"radial glia","radial glia vs Cajal-Retzius","Myl6","ENSMUST00000164181.1"
"Myl6..ENSMUST00000219554.1",0.0339972695681173,-0.339469683002576,0.071,0.25,1,"Cajal-Retzius","radial glia vs Cajal-Retzius","Myl6","ENSMUST00000219554.1"
"Tecr..ENSMUST00000019382.163",0.000725452736367709,0.732898725442764,0.843,0.312,1,"radial glia","radial glia vs Cajal-Retzius","Tecr","ENSMUST00000019382.16"
"Tecr..ENSMUST00000165740.83",0.0137540307643139,-0.864357454810851,0.386,0.562,1,"Cajal-Retzius","radial glia vs Cajal-Retzius","Tecr","ENSMUST00000165740.8"
"Bad..ENSMUST00000113423.91",0.00108077440455627,0.632977932054171,0.457,0,1,"radial glia","radial glia vs Cajal-Retzius","Bad","ENSMUST00000113423.9"
"Bad..ENSMUST00000025910.111",0.0321999340939945,-0.525470559097467,0.2,0.438,1,"Cajal-Retzius","radial glia vs Cajal-Retzius","Bad","ENSMUST00000025910.11"
"Snrnp48..ENSMUST00000223814.1",0.00156040853328707,-0.942370743790161,0.114,0.438,1,"Cajal-Retzius","radial glia vs Cajal-Retzius","Snrnp48","ENSMUST00000223814.1"
"Snrnp48..ENSMUST00000091641.12",0.0371211947890505,0.307668121005782,0.229,0,1,"radial glia","radial glia vs Cajal-Retzius","Snrnp48","ENSMUST00000091641.12"
"Ldha..ENSMUST00000124696.7",0.00313545320547562,-0.595469110585064,0,0.125,1,"Cajal-Retzius","radial glia vs Cajal-Retzius","Ldha","ENSMUST00000124696.7"
"Ldha..ENSMUST00000048209.15",0.00416793138242413,0.925602966364671,0.886,0.562,1,"radial glia","radial glia vs Cajal-Retzius","Ldha","ENSMUST00000048209.15"
"Ppm1g..ENSMUST00000202402.1",0.00317848434571167,-0.316480138368217,0.014,0.188,1,"Cajal-Retzius","radial glia vs Cajal-Retzius","Ppm1g","ENSMUST00000202402.1"
"Ppm1g..ENSMUST00000031032.10",0.014273476281759,0.549169360183918,0.586,0.25,1,"radial glia","radial glia vs Cajal-Retzius","Ppm1g","ENSMUST00000031032.10"
"Rpl41..ENSMUST00000177163.7",0.00355310835125913,-0.522488414655208,0.771,0.875,1,"Cajal-Retzius","radial glia vs Cajal-Retzius","Rpl41","ENSMUST00000177163.7"
"Rpl41..ENSMUST00000176010.7",0.0148290539178765,0.446584477612989,0.943,0.812,1,"radial glia","radial glia vs Cajal-Retzius","Rpl41","ENSMUST00000176010.7"
"Atp5b..ENSMUST00000026459.5",0.00425844940612587,0.525055430634109,0.957,0.75,1,"radial glia","radial glia vs Cajal-Retzius","Atp5b","ENSMUST00000026459.5"
"Atp5b..ENSMUST00000127439.1",0.0291188274406557,-0.456082013551262,0.014,0.125,1,"Cajal-Retzius","radial glia vs Cajal-Retzius","Atp5b","ENSMUST00000127439.1"
"Mri1..ENSMUST00000127747.1",0.00446392176541661,-0.584577124908882,0.043,0.25,1,"Cajal-Retzius","radial glia vs Cajal-Retzius","Mri1","ENSMUST00000127747.1"
"Mri1..ENSMUST00000126435.7",0.0371211947890505,0.30910991066914,0.229,0,1,"radial glia","radial glia vs Cajal-Retzius","Mri1","ENSMUST00000126435.7"
"Ube2j2..ENSMUST00000105583.8",0.00493994023877746,-0.474648509352217,0.071,0.312,1,"Cajal-Retzius","radial glia vs Cajal-Retzius","Ube2j2","ENSMUST00000105583.8"
"Ube2j2..ENSMUST00000024056.9",0.0309642419184504,0.408826664833443,0.357,0.062,1,"radial glia","radial glia vs Cajal-Retzius","Ube2j2","ENSMUST00000024056.9"
"Tmem134..ENSMUST00000139718.8",0.00516489339649137,-0.523750085581444,0.043,0.25,1,"Cajal-Retzius","radial glia vs Cajal-Retzius","Tmem134","ENSMUST00000139718.8"
"Tmem134..ENSMUST00000169055.7",0.00656085656220781,0.591726692973505,0.429,0.062,1,"radial glia","radial glia vs Cajal-Retzius","Tmem134","ENSMUST00000169055.7"
"Tmem134..ENSMUST00000140267.8",0.0449285509181024,0.303648988092785,0.214,0,1,"radial glia","radial glia vs Cajal-Retzius","Tmem134","ENSMUST00000140267.8"
"Rps19..ENSMUST00000108429.7",0.00662036847149701,-0.599710946186086,0.157,0.438,1,"Cajal-Retzius","radial glia vs Cajal-Retzius","Rps19","ENSMUST00000108429.7"
"Rps19..ENSMUST00000108430.9",0.0384833843606988,0.307688910457453,1,0.938,1,"radial glia","radial glia vs Cajal-Retzius","Rps19","ENSMUST00000108430.9"
"Fus..ENSMUST00000106251.9",0.0118382144719549,0.555987188157194,0.443,0.125,1,"radial glia","radial glia vs Cajal-Retzius","Fus","ENSMUST00000106251.9"
"Fus..ENSMUST00000174196.7",0.0260154892831995,-0.784817874498075,0.329,0.562,1,"Cajal-Retzius","radial glia vs Cajal-Retzius","Fus","ENSMUST00000174196.7"
"Hnrnpa2b1..ENSMUST00000203220.2",0.0145315526621911,0.613009459123307,0.743,0.562,1,"radial glia","radial glia vs Cajal-Retzius","Hnrnpa2b1","ENSMUST00000203220.2"
"Hnrnpa2b1..ENSMUST00000114459.7",0.026358381597005,0.381718772733294,0.343,0.062,1,"radial glia","radial glia vs Cajal-Retzius","Hnrnpa2b1","ENSMUST00000114459.7"
"Hnrnpa2b1..ENSMUST00000204188.2",0.0305874271514834,0.301641819115028,0.243,0,1,"radial glia","radial glia vs Cajal-Retzius","Hnrnpa2b1","ENSMUST00000204188.2"
"Hnrnpa2b1..ENSMUST00000204885.1",0.0322746995167902,-0.412281251669878,0.071,0.25,1,"Cajal-Retzius","radial glia vs Cajal-Retzius","Hnrnpa2b1","ENSMUST00000204885.1"
"Lima1..ENSMUST00000171450.1",0.0168758430591703,-0.464437188798045,0.057,0.25,1,"Cajal-Retzius","radial glia vs Cajal-Retzius","Lima1","ENSMUST00000171450.1"
"Lima1..ENSMUST00000109024.8",0.0305874271514834,0.338954493409403,0.243,0,1,"radial glia","radial glia vs Cajal-Retzius","Lima1","ENSMUST00000109024.8"
"Nap1l1..ENSMUST00000217908.1",0.0223980537874013,0.50544364390951,0.429,0.125,1,"radial glia","radial glia vs Cajal-Retzius","Nap1l1","ENSMUST00000217908.1"
"Nap1l1..ENSMUST00000219961.1",0.0339972695681173,-0.263869933886621,0.071,0.25,1,"Cajal-Retzius","radial glia vs Cajal-Retzius","Nap1l1","ENSMUST00000219961.1"
"Pkm..ENSMUST00000163694.36",3.54066037493692e-23,-1.18117644551064,0.387,0.791,1.17004662750165e-18,"imature Glutamatergic","cycling radial glia vs imature Glutamatergic","Pkm","ENSMUST00000163694.3"
"Pkm..ENSMUST00000034834.156",1.05884732855151e-17,0.818078664799045,0.882,0.543,3.49906688193132e-13,"cycling radial glia","cycling radial glia vs imature Glutamatergic","Pkm","ENSMUST00000034834.15"
"Clta..ENSMUST00000107849.95",2.29087332702964e-21,-0.956871678352571,0.378,0.799,7.57041999650215e-17,"imature Glutamatergic","cycling radial glia vs imature Glutamatergic","Clta","ENSMUST00000107849.9"
"Clta..ENSMUST00000170241.75",1.65964794768215e-15,0.6800989761407,0.832,0.457,5.48447260791042e-11,"cycling radial glia","cycling radial glia vs imature Glutamatergic","Clta","ENSMUST00000170241.7"
"Dpysl3..ENSMUST00000025379.13",5.59441438737793e-15,-0.698553667084299,0.706,0.897,1.84873017845291e-10,"imature Glutamatergic","cycling radial glia vs imature Glutamatergic","Dpysl3","ENSMUST00000025379.13"
"Dpysl3..ENSMUST00000121805.7",2.37883373583579e-08,0.354575093984634,0.143,0.004,0.000786109396344294,"cycling radial glia","cycling radial glia vs imature Glutamatergic","Dpysl3","ENSMUST00000121805.7"
"Zfand6..ENSMUST00000209117.12",3.94558938797972e-12,0.375916327801324,0.193,0,1.30385946915178e-07,"cycling radial glia","cycling radial glia vs imature Glutamatergic","Zfand6","ENSMUST00000209117.1"
"Zfand6..ENSMUST00000178385.82",0.0172113118904005,-0.30060655447999,0.193,0.291,1,"imature Glutamatergic","cycling radial glia vs imature Glutamatergic","Zfand6","ENSMUST00000178385.8"
"Gas5..ENSMUST00000159706.76",1.98796285170864e-10,-0.570257967622649,0.756,0.863,6.56942203975636e-06,"imature Glutamatergic","cycling radial glia vs imature Glutamatergic","Gas5","ENSMUST00000159706.7"
"Gas5..ENSMUST00000162558.76",2.33973049461946e-08,0.398472219892711,0.487,0.179,0.000773187339251947,"cycling radial glia","cycling radial glia vs imature Glutamatergic","Gas5","ENSMUST00000162558.7"
"Evl..ENSMUST00000077735.12",6.64058600725414e-10,-0.777903570290933,0.176,0.47,2.1944480519572e-05,"imature Glutamatergic","cycling radial glia vs imature Glutamatergic","Evl","ENSMUST00000077735.12"
"Evl..ENSMUST00000021689.13",0.00402698632009581,0.297595334509925,0.286,0.158,1,"cycling radial glia","cycling radial glia vs imature Glutamatergic","Evl","ENSMUST00000021689.13"
"Ewsr1..ENSMUST00000079949.122",3.06207673504695e-08,0.458845480761769,0.706,0.402,0.00101189387786361,"cycling radial glia","cycling radial glia vs imature Glutamatergic","Ewsr1","ENSMUST00000079949.12"
"Ewsr1..ENSMUST00000102930.92",0.00408189620055881,-0.251903008525408,0.05,0.154,1,"imature Glutamatergic","cycling radial glia vs imature Glutamatergic","Ewsr1","ENSMUST00000102930.9"
"Akap9..ENSMUST00000143365.7",7.05965395874557e-07,0.271010925886239,0.176,0.026,0.0233293324720706,"cycling radial glia","cycling radial glia vs imature Glutamatergic","Akap9","ENSMUST00000143365.7"
"Akap9..ENSMUST00000141817.1",0.00530367751948973,-0.275221415098968,0.092,0.201,1,"imature Glutamatergic","cycling radial glia vs imature Glutamatergic","Akap9","ENSMUST00000141817.1"
"RP23-349B4.7..ENSMUST00000173070.7",7.7600398660197e-07,0.340168056338582,0.412,0.162,0.0256438277412487,"cycling radial glia","cycling radial glia vs imature Glutamatergic","RP23-349B4.7","ENSMUST00000173070.7"
"RP23-349B4.7..ENSMUST00000172501.7",0.00608521458189857,-0.398131360784909,0.42,0.487,1,"imature Glutamatergic","cycling radial glia vs imature Glutamatergic","RP23-349B4.7","ENSMUST00000172501.7"
"Pkm..ENSMUST00000034834.157",7.94919691867442e-37,1.42933286271556,0.882,0.385,2.62689161374515e-32,"cycling radial glia","cycling radial glia vs mature Glutamatergic","Pkm","ENSMUST00000034834.15"
"Pkm..ENSMUST00000163694.37",1.10314674567198e-28,-1.16313134286895,0.387,0.845,3.64545873574763e-24,"mature Glutamatergic","cycling radial glia vs mature Glutamatergic","Pkm","ENSMUST00000163694.3"
"Clta..ENSMUST00000107849.96",1.12839648505682e-29,-1.09959906337173,0.378,0.86,3.72889902451877e-25,"mature Glutamatergic","cycling radial glia vs mature Glutamatergic","Clta","ENSMUST00000107849.9"
"Clta..ENSMUST00000170241.76",1.11473711745171e-22,0.885583858521296,0.832,0.478,3.68376027833091e-18,"cycling radial glia","cycling radial glia vs mature Glutamatergic","Clta","ENSMUST00000170241.7"
"Sh3glb1..ENSMUST00000163279.55",3.23192675343354e-25,0.694261276159866,0.361,0.004,1.06802251493965e-20,"cycling radial glia","cycling radial glia vs mature Glutamatergic","Sh3glb1","ENSMUST00000163279.5"
"Sh3glb1..ENSMUST00000198254.45",7.24977685694294e-05,-0.322377212773038,0.076,0.245,1,"mature Glutamatergic","cycling radial glia vs mature Glutamatergic","Sh3glb1","ENSMUST00000198254.4"
"Cdc42..ENSMUST00000030417.96",2.56392207902596e-24,-0.986106424686532,0.328,0.802,8.47273690234919e-20,"mature Glutamatergic","cycling radial glia vs mature Glutamatergic","Cdc42","ENSMUST00000030417.9"
"Cdc42..ENSMUST00000051477.126",3.60742984978157e-05,0.281918036268176,0.756,0.633,1,"cycling radial glia","cycling radial glia vs mature Glutamatergic","Cdc42","ENSMUST00000051477.12"
"Dpysl3..ENSMUST00000025379.131",2.83186659271227e-22,-0.965609838679984,0.706,0.924,9.35818634227698e-18,"mature Glutamatergic","cycling radial glia vs mature Glutamatergic","Dpysl3","ENSMUST00000025379.13"
"Dpysl3..ENSMUST00000121805.71",3.06465055503119e-08,0.351550006789327,0.143,0.011,0.00101274442241561,"cycling radial glia","cycling radial glia vs mature Glutamatergic","Dpysl3","ENSMUST00000121805.7"
"Myl6..ENSMUST00000164181.13",8.72692568501529e-14,-0.590197964215554,0.697,0.881,2.88389986187015e-09,"mature Glutamatergic","cycling radial glia vs mature Glutamatergic","Myl6","ENSMUST00000164181.1"
"Myl6..ENSMUST00000218127.12",8.08994976496879e-05,0.323774813796169,0.546,0.356,1,"cycling radial glia","cycling radial glia vs mature Glutamatergic","Myl6","ENSMUST00000218127.1"
"Vps29..ENSMUST00000155671.71",1.66283989136752e-11,-0.60103142575036,0.361,0.683,5.49502070501312e-07,"mature Glutamatergic","cycling radial glia vs mature Glutamatergic","Vps29","ENSMUST00000155671.7"
"Vps29..ENSMUST00000118830.71",3.48783045675448e-06,0.339666575802602,0.395,0.191,0.115258845273908,"cycling radial glia","cycling radial glia vs mature Glutamatergic","Vps29","ENSMUST00000118830.7"
"Faim..ENSMUST00000035038.76",3.47781138951686e-11,0.263122849531499,0.151,0,1.14927755177974e-06,"cycling radial glia","cycling radial glia vs mature Glutamatergic","Faim","ENSMUST00000035038.7"
"Faim..ENSMUST00000112911.86",7.6038949557436e-06,-0.330187845612387,0.193,0.435,0.251278312707503,"mature Glutamatergic","cycling radial glia vs mature Glutamatergic","Faim","ENSMUST00000112911.8"
"Gas5..ENSMUST00000162558.77",8.49584091147788e-11,0.517586015750148,0.487,0.183,2.80753558760698e-06,"cycling radial glia","cycling radial glia vs mature Glutamatergic","Gas5","ENSMUST00000162558.7"
"Gas5..ENSMUST00000159706.77",3.44653216405177e-08,-0.479133760432105,0.756,0.899,0.00113894101893255,"mature Glutamatergic","cycling radial glia vs mature Glutamatergic","Gas5","ENSMUST00000159706.7"
"Fus..ENSMUST00000106251.91",7.83497748374309e-05,0.452221275572947,0.513,0.363,1,"cycling radial glia","cycling radial glia vs mature Glutamatergic","Fus","ENSMUST00000106251.9"
"Fus..ENSMUST00000174196.71",0.0370868492849145,-0.371114969504347,0.387,0.493,1,"mature Glutamatergic","cycling radial glia vs mature Glutamatergic","Fus","ENSMUST00000174196.7"
"Stmn1..ENSMUST00000105868.1",8.46517984312658e-05,-0.273016288301972,0.849,0.953,1,"mature Glutamatergic","cycling radial glia vs mature Glutamatergic","Stmn1","ENSMUST00000105868.1"
"Stmn1..ENSMUST00000130253.1",0.0434387629053726,0.252025087372234,0.185,0.115,1,"cycling radial glia","cycling radial glia vs mature Glutamatergic","Stmn1","ENSMUST00000130253.1"
"Sh3glb1..ENSMUST00000163279.56",6.08253887281403e-10,0.539614565596972,0.361,0.049,2.01003579591012e-05,"cycling radial glia","cycling radial glia vs imature GABAergic","Sh3glb1","ENSMUST00000163279.5"
"Sh3glb1..ENSMUST00000198254.46",0.0465622210346622,-0.29682551821142,0.076,0.146,1,"imature GABAergic","cycling radial glia vs imature GABAergic","Sh3glb1","ENSMUST00000198254.4"
"Pkm..ENSMUST00000163694.38",2.43712870065421e-09,-0.933333423508976,0.387,0.625,8.05373550418192e-05,"imature GABAergic","cycling radial glia vs imature GABAergic","Pkm","ENSMUST00000163694.3"
"Pkm..ENSMUST00000034834.158",4.2690763817111e-07,0.417877162486868,0.882,0.576,0.0141075898110025,"cycling radial glia","cycling radial glia vs imature GABAergic","Pkm","ENSMUST00000034834.15"
"Gas5..ENSMUST00000162558.78",2.12251260261636e-08,0.433741593130038,0.487,0.132,0.000701405514660601,"cycling radial glia","cycling radial glia vs imature GABAergic","Gas5","ENSMUST00000162558.7"
"Gas5..ENSMUST00000159706.78",9.10115728134866e-05,-0.423182651577457,0.756,0.785,1,"imature GABAergic","cycling radial glia vs imature GABAergic","Gas5","ENSMUST00000159706.7"
"Ewsr1..ENSMUST00000079949.123",2.12975847286593e-06,0.42825670698965,0.706,0.333,0.0703799984943277,"cycling radial glia","cycling radial glia vs imature GABAergic","Ewsr1","ENSMUST00000079949.12"
"Ewsr1..ENSMUST00000102930.93",0.000909158041330829,-0.398817278865819,0.05,0.181,1,"imature GABAergic","cycling radial glia vs imature GABAergic","Ewsr1","ENSMUST00000102930.9"
"Tecr..ENSMUST00000019382.164",2.38346259047146e-06,0.363584390526877,0.782,0.396,0.0787639047647198,"cycling radial glia","cycling radial glia vs imature GABAergic","Tecr","ENSMUST00000019382.16"
"Tecr..ENSMUST00000165740.84",0.0315342928776873,-0.360086297359058,0.437,0.472,1,"imature GABAergic","cycling radial glia vs imature GABAergic","Tecr","ENSMUST00000165740.8"
"Clta..ENSMUST00000107849.97",7.75924268326371e-22,-1.22946880541834,0.378,0.792,2.56411933711133e-17,"mature GABAergic","cycling radial glia vs mature GABAergic","Clta","ENSMUST00000107849.9"
"Clta..ENSMUST00000170241.77",1.47926071407394e-15,0.725619405809098,0.832,0.312,4.88836495572876e-11,"cycling radial glia","cycling radial glia vs mature GABAergic","Clta","ENSMUST00000170241.7"
"Pkm..ENSMUST00000034834.159",2.12778271223316e-20,0.975985900767497,0.882,0.399,7.03147075084571e-16,"cycling radial glia","cycling radial glia vs mature GABAergic","Pkm","ENSMUST00000034834.15"
"Pkm..ENSMUST00000163694.39",1.0176772831038e-14,-1.02537276351957,0.387,0.694,3.36301634974481e-10,"mature GABAergic","cycling radial glia vs mature GABAergic","Pkm","ENSMUST00000163694.3"
"Sh3glb1..ENSMUST00000163279.57",8.25708933671657e-16,0.667035235536881,0.361,0.012,2.72863774221136e-11,"cycling radial glia","cycling radial glia vs mature GABAergic","Sh3glb1","ENSMUST00000163279.5"
"Sh3glb1..ENSMUST00000198254.47",0.0217660287708855,-0.425740470031182,0.076,0.156,1,"mature GABAergic","cycling radial glia vs mature GABAergic","Sh3glb1","ENSMUST00000198254.4"
"Gas5..ENSMUST00000162558.79",4.46293829240971e-11,0.458456975108179,0.487,0.104,1.47482258810971e-06,"cycling radial glia","cycling radial glia vs mature GABAergic","Gas5","ENSMUST00000162558.7"
"Gas5..ENSMUST00000159706.79",0.000302354897657245,-0.364270230249935,0.756,0.751,1,"mature GABAergic","cycling radial glia vs mature GABAergic","Gas5","ENSMUST00000159706.7"
"Vps29..ENSMUST00000118830.72",4.90960653070971e-11,0.450857771130139,0.395,0.064,1.62242857413833e-06,"cycling radial glia","cycling radial glia vs mature GABAergic","Vps29","ENSMUST00000118830.7"
"Vps29..ENSMUST00000155671.72",0.000335469342642424,-0.618618093530516,0.361,0.451,1,"mature GABAergic","cycling radial glia vs mature GABAergic","Vps29","ENSMUST00000155671.7"
"Myl6..ENSMUST00000164181.14",7.15404204692773e-11,-0.687027608157315,0.697,0.792,2.36412473482774e-06,"mature GABAergic","cycling radial glia vs mature GABAergic","Myl6","ENSMUST00000164181.1"
"Myl6..ENSMUST00000218127.13",2.98366254512953e-10,0.419323627641751,0.546,0.145,9.85981124663503e-06,"cycling radial glia","cycling radial glia vs mature GABAergic","Myl6","ENSMUST00000218127.1"
"Ewsr1..ENSMUST00000079949.124",7.23792527143381e-09,0.535980640450936,0.706,0.295,0.000239184478519802,"cycling radial glia","cycling radial glia vs mature GABAergic","Ewsr1","ENSMUST00000079949.12"
"Ewsr1..ENSMUST00000102930.94",0.000315409756177805,-0.493749382082128,0.05,0.191,1,"mature GABAergic","cycling radial glia vs mature GABAergic","Ewsr1","ENSMUST00000102930.9"
"Dpysl3..ENSMUST00000025379.132",1.13738165460311e-08,-0.754547632953762,0.706,0.815,0.000375859141580144,"mature GABAergic","cycling radial glia vs mature GABAergic","Dpysl3","ENSMUST00000025379.13"
"Dpysl3..ENSMUST00000121805.72",8.56773694374688e-06,0.327881273381545,0.143,0.012,0.283129435043059,"cycling radial glia","cycling radial glia vs mature GABAergic","Dpysl3","ENSMUST00000121805.7"
"Tecr..ENSMUST00000165740.85",6.20981843523127e-08,-0.791414961881856,0.437,0.601,0.00205209660010653,"mature GABAergic","cycling radial glia vs mature GABAergic","Tecr","ENSMUST00000165740.8"
"Tecr..ENSMUST00000019382.165",6.93792483277443e-06,0.285404668928571,0.782,0.382,0.229270664023864,"cycling radial glia","cycling radial glia vs mature GABAergic","Tecr","ENSMUST00000019382.16"
"Fus..ENSMUST00000106251.92",0.000708049851985352,0.260605101131664,0.513,0.272,1,"cycling radial glia","cycling radial glia vs mature GABAergic","Fus","ENSMUST00000106251.9"
"Fus..ENSMUST00000174196.72",0.0224975587379849,-0.439854626560566,0.387,0.416,1,"mature GABAergic","cycling radial glia vs mature GABAergic","Fus","ENSMUST00000174196.7"
"Rps24..ENSMUST00000223999.11",3.2178921725893e-13,-1.42990703889843,0.109,0.812,1.06338464735386e-08,"Cajal-Retzius","cycling radial glia vs Cajal-Retzius","Rps24","ENSMUST00000223999.1"
"Rps24..ENSMUST00000169826.21",3.1235304668174e-07,0.740021199960759,0.992,1,0.0103220187806448,"cycling radial glia","cycling radial glia vs Cajal-Retzius","Rps24","ENSMUST00000169826.2"
"Gnas..ENSMUST00000109083.11",1.07107161508176e-11,-0.667067925715638,0,0.375,3.53946325919917e-07,"Cajal-Retzius","cycling radial glia vs Cajal-Retzius","Gnas","ENSMUST00000109083.1"
"Gnas..ENSMUST00000133356.71",0.000115771715136003,-0.344963784193472,0,0.125,1,"Cajal-Retzius","cycling radial glia vs Cajal-Retzius","Gnas","ENSMUST00000133356.7"
"Gnas..ENSMUST00000109087.7",0.00709441305251389,-0.560976116574116,0.983,0.938,1,"Cajal-Retzius","cycling radial glia vs Cajal-Retzius","Gnas","ENSMUST00000109087.7"
"Gnas..ENSMUST00000109084.71",0.0250546458832373,0.407921815364237,0.252,0,1,"cycling radial glia","cycling radial glia vs Cajal-Retzius","Gnas","ENSMUST00000109084.7"
"Clta..ENSMUST00000107851.91",4.736964855688e-10,-0.737430075386072,0.008,0.375,1.56537740621066e-05,"Cajal-Retzius","cycling radial glia vs Cajal-Retzius","Clta","ENSMUST00000107851.9"
"Clta..ENSMUST00000170241.78",4.70483227060337e-06,1.172236775805,0.832,0.188,0.155475887214359,"cycling radial glia","cycling radial glia vs Cajal-Retzius","Clta","ENSMUST00000170241.7"
"Clta..ENSMUST00000107849.98",0.0168235415910244,-0.515876782466258,0.378,0.625,1,"Cajal-Retzius","cycling radial glia vs Cajal-Retzius","Clta","ENSMUST00000107849.9"
"Evl..ENSMUST00000077735.121",8.22487720293108e-09,-1.37011795446197,0.176,0.75,0.000271799292048061,"Cajal-Retzius","cycling radial glia vs Cajal-Retzius","Evl","ENSMUST00000077735.12"
"Evl..ENSMUST00000109854.8",2.07914875515322e-06,-0.285423618190189,0,0.188,0.0687075497627933,"Cajal-Retzius","cycling radial glia vs Cajal-Retzius","Evl","ENSMUST00000109854.8"
"Evl..ENSMUST00000021689.131",0.0153412742015789,0.634067890239027,0.286,0,1,"cycling radial glia","cycling radial glia vs Cajal-Retzius","Evl","ENSMUST00000021689.13"
"Sh3glb1..ENSMUST00000198254.48",7.70030706106744e-07,-0.687676422284758,0.076,0.5,0.0254464347140035,"Cajal-Retzius","cycling radial glia vs Cajal-Retzius","Sh3glb1","ENSMUST00000198254.4"
"Sh3glb1..ENSMUST00000163279.58",0.00467857721762099,0.701267795636086,0.361,0,1,"cycling radial glia","cycling radial glia vs Cajal-Retzius","Sh3glb1","ENSMUST00000163279.5"
"Pkm..ENSMUST00000034834.1510",3.36370709543355e-06,1.28223560692011,0.882,0.312,0.111157064675697,"cycling radial glia","cycling radial glia vs Cajal-Retzius","Pkm","ENSMUST00000034834.15"
"Pkm..ENSMUST00000214571.11",0.0424983452521062,-0.42253214171418,0.025,0.125,1,"Cajal-Retzius","cycling radial glia vs Cajal-Retzius","Pkm","ENSMUST00000214571.1"
"Cdc42..ENSMUST00000030417.97",7.35223436478127e-05,-0.98391550926868,0.328,0.688,1,"Cajal-Retzius","cycling radial glia vs Cajal-Retzius","Cdc42","ENSMUST00000030417.9"
"Cdc42..ENSMUST00000051477.127",0.0260652127315946,0.398799733088558,0.756,0.5,1,"cycling radial glia","cycling radial glia vs Cajal-Retzius","Cdc42","ENSMUST00000051477.12"
"Hnrnpa2b1..ENSMUST00000203220.21",0.000158418972439384,0.987510295939431,0.891,0.562,1,"cycling radial glia","cycling radial glia vs Cajal-Retzius","Hnrnpa2b1","ENSMUST00000203220.2"
"Hnrnpa2b1..ENSMUST00000204885.11",0.00128390715085364,-0.484178663999648,0.042,0.25,1,"Cajal-Retzius","cycling radial glia vs Cajal-Retzius","Hnrnpa2b1","ENSMUST00000204885.1"
"Hnrnpa2b1..ENSMUST00000204188.21",0.0119076713132172,0.474828931225275,0.303,0,1,"cycling radial glia","cycling radial glia vs Cajal-Retzius","Hnrnpa2b1","ENSMUST00000204188.2"
"Bad..ENSMUST00000025910.112",0.000209763233763963,-0.731724760448134,0.109,0.438,1,"Cajal-Retzius","cycling radial glia vs Cajal-Retzius","Bad","ENSMUST00000025910.11"
"Bad..ENSMUST00000113423.92",0.0222057359693792,0.416355786032729,0.261,0,1,"cycling radial glia","cycling radial glia vs Cajal-Retzius","Bad","ENSMUST00000113423.9"
"Myl6..ENSMUST00000164181.15",0.00127441608703916,0.803863697879468,0.697,0.25,1,"cycling radial glia","cycling radial glia vs Cajal-Retzius","Myl6","ENSMUST00000164181.1"
"Myl6..ENSMUST00000219554.11",0.00159631825130739,-0.400071640035073,0.042,0.25,1,"Cajal-Retzius","cycling radial glia vs Cajal-Retzius","Myl6","ENSMUST00000219554.1"
"Myl6..ENSMUST00000218127.14",0.00186298152265618,-0.876375400477515,0.546,0.812,1,"Cajal-Retzius","cycling radial glia vs Cajal-Retzius","Myl6","ENSMUST00000218127.1"
"Atp5b..ENSMUST00000026459.51",0.00160168442945334,0.543482154657517,0.966,0.75,1,"cycling radial glia","cycling radial glia vs Cajal-Retzius","Atp5b","ENSMUST00000026459.5"
"Atp5b..ENSMUST00000127439.11",0.0424983452521062,-0.439891470307171,0.025,0.125,1,"Cajal-Retzius","cycling radial glia vs Cajal-Retzius","Atp5b","ENSMUST00000127439.1"
"Ppm1g..ENSMUST00000202402.11",0.00251296323465925,-0.313449070191018,0.025,0.188,1,"Cajal-Retzius","cycling radial glia vs Cajal-Retzius","Ppm1g","ENSMUST00000202402.1"
"Ppm1g..ENSMUST00000031032.101",0.00922275213711402,0.63002584120836,0.555,0.25,1,"cycling radial glia","cycling radial glia vs Cajal-Retzius","Ppm1g","ENSMUST00000031032.10"
"Lima1..ENSMUST00000171450.11",0.00337868151381725,-0.526114405336419,0.05,0.25,1,"Cajal-Retzius","cycling radial glia vs Cajal-Retzius","Lima1","ENSMUST00000171450.1"
"Lima1..ENSMUST00000109024.81",0.0450170229315199,0.363600109927384,0.21,0,1,"cycling radial glia","cycling radial glia vs Cajal-Retzius","Lima1","ENSMUST00000109024.8"
"Rfc2..ENSMUST00000201674.1",0.00713559483577876,-0.449305282183234,0.059,0.25,1,"Cajal-Retzius","cycling radial glia vs Cajal-Retzius","Rfc2","ENSMUST00000201674.1"
"Rfc2..ENSMUST00000023867.7",0.0199610123341891,0.543304154365422,0.647,0.438,1,"cycling radial glia","cycling radial glia vs Cajal-Retzius","Rfc2","ENSMUST00000023867.7"
"Psmd13..ENSMUST00000026560.13",0.00992482516663142,0.628954597752871,0.622,0.312,1,"cycling radial glia","cycling radial glia vs Cajal-Retzius","Psmd13","ENSMUST00000026560.13"
"Psmd13..ENSMUST00000140411.7",0.015443868854287,-0.628995479899101,0.017,0.125,1,"Cajal-Retzius","cycling radial glia vs Cajal-Retzius","Psmd13","ENSMUST00000140411.7"
"Mkrn1..ENSMUST00000114822.1",0.013525423213961,0.551423455289858,0.294,0,1,"cycling radial glia","cycling radial glia vs Cajal-Retzius","Mkrn1","ENSMUST00000114822.1"
"Mkrn1..ENSMUST00000031985.12",0.0325225951780318,-0.401989248754845,0.269,0.5,1,"Cajal-Retzius","cycling radial glia vs Cajal-Retzius","Mkrn1","ENSMUST00000031985.12"
"Zcrb1..ENSMUST00000162160.7",0.0256030239810867,-0.318972384331322,0.084,0.25,1,"Cajal-Retzius","cycling radial glia vs Cajal-Retzius","Zcrb1","ENSMUST00000162160.7"
"Zcrb1..ENSMUST00000076070.8",0.0345003934964154,0.498656444073927,0.605,0.312,1,"cycling radial glia","cycling radial glia vs Cajal-Retzius","Zcrb1","ENSMUST00000076070.8"
"Tmem134..ENSMUST00000139718.81",0.0365586306228094,-0.406815692839451,0.084,0.25,1,"Cajal-Retzius","cycling radial glia vs Cajal-Retzius","Tmem134","ENSMUST00000139718.8"
"Tmem134..ENSMUST00000169055.71",0.0392235711980981,0.387899739562921,0.303,0.062,1,"cycling radial glia","cycling radial glia vs Cajal-Retzius","Tmem134","ENSMUST00000169055.7"
"Pkm..ENSMUST00000034834.1511",1.95862612580474e-18,0.972478080441268,0.931,0.543,6.47247589533436e-14,"intermediate progenitor","intermediate progenitor vs imature Glutamatergic","Pkm","ENSMUST00000034834.15"
"Pkm..ENSMUST00000163694.310",5.88022072585492e-12,-0.770423744125259,0.437,0.791,1.94317774106602e-07,"imature Glutamatergic","intermediate progenitor vs imature Glutamatergic","Pkm","ENSMUST00000163694.3"
"Gas5..ENSMUST00000162558.710",5.59205482347516e-15,0.971438596998337,0.575,0.179,1.8479504369656e-10,"intermediate progenitor","intermediate progenitor vs imature Glutamatergic","Gas5","ENSMUST00000162558.7"
"Gas5..ENSMUST00000159706.710",0.000637253413198887,-0.339876551110396,0.839,0.863,1,"imature Glutamatergic","intermediate progenitor vs imature Glutamatergic","Gas5","ENSMUST00000159706.7"
"Clta..ENSMUST00000170241.79",2.78906627472855e-08,0.695020562572348,0.701,0.457,0.000921674841146798,"intermediate progenitor","intermediate progenitor vs imature Glutamatergic","Clta","ENSMUST00000170241.7"
"Clta..ENSMUST00000107849.99",1.78639310319729e-06,-0.46575033902408,0.552,0.799,0.0590331464882577,"imature Glutamatergic","intermediate progenitor vs imature Glutamatergic","Clta","ENSMUST00000107849.9"
"Evl..ENSMUST00000077735.122",9.8453964736541e-07,-0.622331662270134,0.184,0.47,0.0325350971868373,"imature Glutamatergic","intermediate progenitor vs imature Glutamatergic","Evl","ENSMUST00000077735.12"
"Evl..ENSMUST00000021689.132",0.019871516625308,0.301511625146266,0.264,0.158,1,"intermediate progenitor","intermediate progenitor vs imature Glutamatergic","Evl","ENSMUST00000021689.13"
"Rab6a..ENSMUST00000032946.9",5.23168527102245e-05,-0.463631031759365,0.391,0.628,1,"imature Glutamatergic","intermediate progenitor vs imature Glutamatergic","Rab6a","ENSMUST00000032946.9"
"Rab6a..ENSMUST00000098252.4",0.000372512837026077,0.258096527885313,0.184,0.056,1,"intermediate progenitor","intermediate progenitor vs imature Glutamatergic","Rab6a","ENSMUST00000098252.4"
"Pkm..ENSMUST00000034834.1512",3.84169000382462e-35,1.58373227835779,0.931,0.385,1.26952487866388e-30,"intermediate progenitor","intermediate progenitor vs mature Glutamatergic","Pkm","ENSMUST00000034834.15"
"Pkm..ENSMUST00000163694.311",1.56440954667164e-14,-0.752378641483574,0.437,0.845,5.16974778793109e-10,"mature Glutamatergic","intermediate progenitor vs mature Glutamatergic","Pkm","ENSMUST00000163694.3"
"Myl6..ENSMUST00000218127.15",4.29906570263803e-13,0.851901256013845,0.667,0.356,1.42066925209376e-08,"intermediate progenitor","intermediate progenitor vs mature Glutamatergic","Myl6","ENSMUST00000218127.1"
"Myl6..ENSMUST00000164181.16",4.94629922706043e-08,-0.441192053609952,0.598,0.881,0.00163455404257439,"mature Glutamatergic","intermediate progenitor vs mature Glutamatergic","Myl6","ENSMUST00000164181.1"
"Clta..ENSMUST00000107849.910",5.70608337400345e-12,-0.608477724043239,0.552,0.86,1.88563231177318e-07,"mature Glutamatergic","intermediate progenitor vs mature Glutamatergic","Clta","ENSMUST00000107849.9"
"Clta..ENSMUST00000170241.710",1.15360042631322e-11,0.900505444952943,0.701,0.478,3.81218796879466e-07,"intermediate progenitor","intermediate progenitor vs mature Glutamatergic","Clta","ENSMUST00000170241.7"
"Rpl24..ENSMUST00000023269.4",7.6692161209125e-10,0.348921349065256,0.989,0.993,2.53436915931674e-05,"intermediate progenitor","intermediate progenitor vs mature Glutamatergic","Rpl24","ENSMUST00000023269.4"
"Rpl24..ENSMUST00000137811.7",0.00303399431256798,-0.254769078698893,0.184,0.388,1,"mature Glutamatergic","intermediate progenitor vs mature Glutamatergic","Rpl24","ENSMUST00000137811.7"
"Ftl1..ENSMUST00000211500.1",1.17723213755194e-07,-0.578459687934672,0.368,0.716,0.00389028132175415,"mature Glutamatergic","intermediate progenitor vs mature Glutamatergic","Ftl1","ENSMUST00000211500.1"
"Ftl1..ENSMUST00000210375.1",4.23415933594878e-06,-0.437540644412251,0.126,0.417,0.139922029415763,"mature Glutamatergic","intermediate progenitor vs mature Glutamatergic","Ftl1","ENSMUST00000210375.1"
"Ftl1..ENSMUST00000094434.12",0.0017466110813739,0.282799951045662,1,0.989,1,"intermediate progenitor","intermediate progenitor vs mature Glutamatergic","Ftl1","ENSMUST00000094434.12"
"Vps29..ENSMUST00000155671.73",3.29564698476359e-07,-0.499641645801271,0.345,0.683,0.0108907950258498,"mature Glutamatergic","intermediate progenitor vs mature Glutamatergic","Vps29","ENSMUST00000155671.7"
"Vps29..ENSMUST00000118830.73",0.0173745535095707,0.253372242101765,0.287,0.191,1,"intermediate progenitor","intermediate progenitor vs mature Glutamatergic","Vps29","ENSMUST00000118830.7"
"Ogt..ENSMUST00000155792.11",0.000105540559652049,-0.387161748018893,0.264,0.547,1,"mature Glutamatergic","intermediate progenitor vs mature Glutamatergic","Ogt","ENSMUST00000155792.1"
"Ogt..ENSMUST00000150161.71",0.000626806748159174,0.338178295096878,0.345,0.191,1,"intermediate progenitor","intermediate progenitor vs mature Glutamatergic","Ogt","ENSMUST00000150161.7"
"Ewsr1..ENSMUST00000102930.95",0.000339444851897579,-0.271990441930705,0.046,0.216,1,"mature Glutamatergic","intermediate progenitor vs mature Glutamatergic","Ewsr1","ENSMUST00000102930.9"
"Ewsr1..ENSMUST00000079949.125",0.00294040159543291,0.278801826151985,0.54,0.432,1,"intermediate progenitor","intermediate progenitor vs mature Glutamatergic","Ewsr1","ENSMUST00000079949.12"
"Emc10..ENSMUST00000118808.7",0.00081937572222943,-0.358297847843594,0.414,0.655,1,"mature Glutamatergic","intermediate progenitor vs mature Glutamatergic","Emc10","ENSMUST00000118808.7"
"Emc10..ENSMUST00000118515.7",0.000978050342094264,0.417288745446165,0.494,0.378,1,"intermediate progenitor","intermediate progenitor vs mature Glutamatergic","Emc10","ENSMUST00000118515.7"
"Pkm..ENSMUST00000034834.1513",3.84627334039368e-08,0.572276578129092,0.931,0.576,0.0012710394880665,"intermediate progenitor","intermediate progenitor vs imature GABAergic","Pkm","ENSMUST00000034834.15"
"Pkm..ENSMUST00000163694.312",0.000284530918947839,-0.522580722123599,0.437,0.625,1,"imature GABAergic","intermediate progenitor vs imature GABAergic","Pkm","ENSMUST00000163694.3"
"Myl6..ENSMUST00000218127.16",1.90915681718963e-05,0.521292517863227,0.667,0.361,0.630899961808485,"intermediate progenitor","intermediate progenitor vs imature GABAergic","Myl6","ENSMUST00000218127.1"
"Myl6..ENSMUST00000164181.17",0.00273199601150229,-0.333411414746599,0.598,0.701,1,"imature GABAergic","intermediate progenitor vs imature GABAergic","Myl6","ENSMUST00000164181.1"
"Tecr..ENSMUST00000019382.166",0.0090009023823266,0.299227225196642,0.586,0.396,1,"intermediate progenitor","intermediate progenitor vs imature GABAergic","Tecr","ENSMUST00000019382.16"
"Tecr..ENSMUST00000165740.86",0.0247689236638975,-0.385505239600575,0.402,0.472,1,"imature GABAergic","intermediate progenitor vs imature GABAergic","Tecr","ENSMUST00000165740.8"
"Pkm..ENSMUST00000034834.1514",3.80358474208184e-20,1.13038531640972,0.931,0.399,1.25693261386836e-15,"intermediate progenitor","intermediate progenitor vs mature GABAergic","Pkm","ENSMUST00000034834.15"
"Pkm..ENSMUST00000163694.313",3.39730466827478e-07,-0.614620062134194,0.437,0.694,0.0112267330067809,"mature GABAergic","intermediate progenitor vs mature GABAergic","Pkm","ENSMUST00000163694.3"
"Myl6..ENSMUST00000218127.17",1.67910755764773e-16,0.947450069859427,0.667,0.145,5.54877883500268e-12,"intermediate progenitor","intermediate progenitor vs mature GABAergic","Myl6","ENSMUST00000218127.1"
"Myl6..ENSMUST00000164181.18",6.81855021083364e-07,-0.538021697551713,0.598,0.792,0.0225325810267208,"mature GABAergic","intermediate progenitor vs mature GABAergic","Myl6","ENSMUST00000164181.1"
"Clta..ENSMUST00000107849.911",1.73995693954868e-09,-0.738347466089849,0.552,0.792,5.74986170243257e-05,"mature GABAergic","intermediate progenitor vs mature GABAergic","Clta","ENSMUST00000107849.9"
"Clta..ENSMUST00000170241.711",3.6357302359331e-09,0.740540992240746,0.701,0.312,0.000120146341376645,"intermediate progenitor","intermediate progenitor vs mature GABAergic","Clta","ENSMUST00000170241.7"
"Vps29..ENSMUST00000118830.74",2.44515018177483e-06,0.364563437429302,0.287,0.064,0.080802432906931,"intermediate progenitor","intermediate progenitor vs mature GABAergic","Vps29","ENSMUST00000118830.7"
"Vps29..ENSMUST00000155671.74",0.00223727090322252,-0.517228313581427,0.345,0.451,1,"mature GABAergic","intermediate progenitor vs mature GABAergic","Vps29","ENSMUST00000155671.7"
"Ppdpf..ENSMUST00000138800.7",8.71386185210512e-05,0.341202140634542,0.299,0.092,1,"intermediate progenitor","intermediate progenitor vs mature GABAergic","Ppdpf","ENSMUST00000138800.7"
"Ppdpf..ENSMUST00000146089.7",0.00740483797203472,-0.34134636499244,0.437,0.52,1,"mature GABAergic","intermediate progenitor vs mature GABAergic","Ppdpf","ENSMUST00000146089.7"
"Rps24..ENSMUST00000223999.12",3.19977463744013e-12,-1.39871344737714,0.08,0.812,1.05739752668847e-07,"Cajal-Retzius","intermediate progenitor vs Cajal-Retzius","Rps24","ENSMUST00000223999.1"
"Rps24..ENSMUST00000169826.22",1.638966437576e-06,0.742643475840621,1,1,0.0541612848961364,"intermediate progenitor","intermediate progenitor vs Cajal-Retzius","Rps24","ENSMUST00000169826.2"
"Gnas..ENSMUST00000109083.12",5.14042495852414e-09,-0.667067925715638,0,0.375,0.000169870483179389,"Cajal-Retzius","intermediate progenitor vs Cajal-Retzius","Gnas","ENSMUST00000109083.1"
"Gnas..ENSMUST00000133356.72",0.000984892070857983,-0.344963784193472,0,0.125,1,"Cajal-Retzius","intermediate progenitor vs Cajal-Retzius","Gnas","ENSMUST00000133356.7"
"Gnas..ENSMUST00000109087.71",0.00181614966797998,-0.676201064226504,0.931,0.938,1,"Cajal-Retzius","intermediate progenitor vs Cajal-Retzius","Gnas","ENSMUST00000109087.7"
"Gnas..ENSMUST00000109084.72",0.0157427705237819,0.620602361089565,0.287,0,1,"intermediate progenitor","intermediate progenitor vs Cajal-Retzius","Gnas","ENSMUST00000109084.7"
"Evl..ENSMUST00000077735.123",4.18666350816038e-07,-1.21454604644117,0.184,0.75,0.0138352482290668,"Cajal-Retzius","intermediate progenitor vs Cajal-Retzius","Evl","ENSMUST00000077735.12"
"Evl..ENSMUST00000109854.81",4.84651571060939e-05,-0.285423618190189,0,0.188,1,"Cajal-Retzius","intermediate progenitor vs Cajal-Retzius","Evl","ENSMUST00000109854.8"
"Evl..ENSMUST00000021689.133",0.0219258251885111,0.637984180875368,0.264,0,1,"intermediate progenitor","intermediate progenitor vs Cajal-Retzius","Evl","ENSMUST00000021689.13"
"Clta..ENSMUST00000107851.92",9.2848688717725e-06,-0.685037557448748,0.034,0.375,0.306827776736594,"Cajal-Retzius","intermediate progenitor vs Cajal-Retzius","Clta","ENSMUST00000107851.9"
"Clta..ENSMUST00000170241.712",0.0001839419409299,1.18715836223664,0.701,0.188,1,"intermediate progenitor","intermediate progenitor vs Cajal-Retzius","Clta","ENSMUST00000170241.7"
"Hnrnpa2b1..ENSMUST00000204885.12",4.68993738473563e-05,-0.524189315406723,0.011,0.25,1,"Cajal-Retzius","intermediate progenitor vs Cajal-Retzius","Hnrnpa2b1","ENSMUST00000204885.1"
"Hnrnpa2b1..ENSMUST00000203220.22",0.0388528805532095,0.634164915984023,0.667,0.562,1,"intermediate progenitor","intermediate progenitor vs Cajal-Retzius","Hnrnpa2b1","ENSMUST00000203220.2"
"Rps19..ENSMUST00000108429.71",5.72361570733812e-05,-0.672659337745933,0.069,0.438,1,"Cajal-Retzius","intermediate progenitor vs Cajal-Retzius","Rps19","ENSMUST00000108429.7"
"Rps19..ENSMUST00000108430.91",0.00304159384166148,0.377758296722487,1,0.938,1,"intermediate progenitor","intermediate progenitor vs Cajal-Retzius","Rps19","ENSMUST00000108430.9"
"Rpl34..ENSMUST00000079085.10",0.000214480846355265,0.645171528709292,0.977,0.75,1,"intermediate progenitor","intermediate progenitor vs Cajal-Retzius","Rpl34","ENSMUST00000079085.10"
"Rpl34..ENSMUST00000196202.4",0.0486160773811608,-0.285907968679543,0.023,0.125,1,"Cajal-Retzius","intermediate progenitor vs Cajal-Retzius","Rpl34","ENSMUST00000196202.4"
"Arhgdia..ENSMUST00000067936.5",0.000984892070857983,-0.285954635904364,0,0.125,1,"Cajal-Retzius","intermediate progenitor vs Cajal-Retzius","Arhgdia","ENSMUST00000067936.5"
"Arhgdia..ENSMUST00000106197.9",0.0403411674163238,0.318234732098771,0.655,0.375,1,"intermediate progenitor","intermediate progenitor vs Cajal-Retzius","Arhgdia","ENSMUST00000106197.9"
"Myl6..ENSMUST00000164181.19",0.00356655972187818,0.952869608485071,0.598,0.25,1,"intermediate progenitor","intermediate progenitor vs Cajal-Retzius","Myl6","ENSMUST00000164181.1"
"Myl6..ENSMUST00000219554.12",0.0238458245508503,-0.336919157376681,0.069,0.25,1,"Cajal-Retzius","intermediate progenitor vs Cajal-Retzius","Myl6","ENSMUST00000219554.1"
"Gpatch8..ENSMUST00000125754.1",0.00550591360358407,-0.355533500446706,0.046,0.25,1,"Cajal-Retzius","intermediate progenitor vs Cajal-Retzius","Gpatch8","ENSMUST00000125754.1"
"Gpatch8..ENSMUST00000143842.1",0.048373800268759,0.434590569410459,0.207,0,1,"intermediate progenitor","intermediate progenitor vs Cajal-Retzius","Gpatch8","ENSMUST00000143842.1"
"Psmd13..ENSMUST00000026560.131",0.0459339489369141,0.565043176774468,0.54,0.312,1,"intermediate progenitor","intermediate progenitor vs Cajal-Retzius","Psmd13","ENSMUST00000026560.13"
"Psmd13..ENSMUST00000140411.71",0.0486160773811608,-0.607377333382757,0.023,0.125,1,"Cajal-Retzius","intermediate progenitor vs Cajal-Retzius","Psmd13","ENSMUST00000140411.7"
"Myl6..ENSMUST00000164181.110",1.58261083200707e-05,-0.262480287980094,0.748,0.881,0.522989575545056,"mature Glutamatergic","imature Glutamatergic vs mature Glutamatergic","Myl6","ENSMUST00000164181.1"
"Myl6..ENSMUST00000218127.18",0.00116790084578692,0.427159944993948,0.419,0.356,1,"imature Glutamatergic","imature Glutamatergic vs mature Glutamatergic","Myl6","ENSMUST00000218127.1"
"Clta..ENSMUST00000107849.912",2.25890332635348e-06,0.355325509385939,0.799,0.507,0.0746477193226769,"imature Glutamatergic","imature Glutamatergic vs imature GABAergic","Clta","ENSMUST00000107849.9"
"Clta..ENSMUST00000170241.713",1.78791347939081e-05,-0.466236485294652,0.457,0.59,0.590833888399487,"imature GABAergic","imature Glutamatergic vs imature GABAergic","Clta","ENSMUST00000170241.7"
"Myl6..ENSMUST00000218127.19",2.42444944671428e-08,0.522708758839529,0.419,0.145,0.000801183564161201,"imature Glutamatergic","imature Glutamatergic vs mature GABAergic","Myl6","ENSMUST00000218127.1"
"Myl6..ENSMUST00000164181.111",4.40663089894021e-05,-0.359309931921855,0.748,0.792,1,"mature GABAergic","imature Glutamatergic vs mature GABAergic","Myl6","ENSMUST00000164181.1"
"Vps29..ENSMUST00000118830.75",2.64684373115174e-06,0.33722761991272,0.248,0.064,0.0874675979396404,"imature Glutamatergic","imature Glutamatergic vs mature GABAergic","Vps29","ENSMUST00000118830.7"
"Vps29..ENSMUST00000155671.75",0.017984702643593,-0.329131539136189,0.415,0.451,1,"mature GABAergic","imature Glutamatergic vs mature GABAergic","Vps29","ENSMUST00000155671.7"
"Rps24..ENSMUST00000223999.13",2.66124352566225e-15,-1.33569490093698,0.107,0.812,8.79434535490347e-11,"Cajal-Retzius","imature Glutamatergic vs Cajal-Retzius","Rps24","ENSMUST00000223999.1"
"Rps24..ENSMUST00000169826.23",0.000406364488241262,0.412018464941254,1,1,1,"imature Glutamatergic","imature Glutamatergic vs Cajal-Retzius","Rps24","ENSMUST00000169826.2"
"Clta..ENSMUST00000107851.93",6.9111404905228e-07,-0.641883776285823,0.051,0.375,0.0228385548649817,"Cajal-Retzius","imature Glutamatergic vs Cajal-Retzius","Clta","ENSMUST00000107851.9"
"Clta..ENSMUST00000107849.913",0.0184126924386661,0.440994895886312,0.799,0.625,1,"imature Glutamatergic","imature Glutamatergic vs Cajal-Retzius","Clta","ENSMUST00000107849.9"
"Hnrnpa2b1..ENSMUST00000204885.13",7.51558803011055e-06,-0.495229199525132,0.026,0.25,0.248360122043033,"Cajal-Retzius","imature Glutamatergic vs Cajal-Retzius","Hnrnpa2b1","ENSMUST00000204885.1"
"Hnrnpa2b1..ENSMUST00000203220.23",0.0104848665969183,0.68557797389621,0.709,0.562,1,"imature Glutamatergic","imature Glutamatergic vs Cajal-Retzius","Hnrnpa2b1","ENSMUST00000203220.2"
"Shisa4..ENSMUST00000041240.31",1.33476075007081e-05,-0.684592596639088,0.128,0.562,0.4410850374684,"Cajal-Retzius","imature Glutamatergic vs Cajal-Retzius","Shisa4","ENSMUST00000041240.3"
"Shisa4..ENSMUST00000159918.11",0.0490037892735929,0.471699501719634,0.201,0,1,"imature Glutamatergic","imature Glutamatergic vs Cajal-Retzius","Shisa4","ENSMUST00000159918.1"
"Myl6..ENSMUST00000164181.112",1.5223248547793e-05,1.13158137411493,0.748,0.25,0.503067471510367,"imature Glutamatergic","imature Glutamatergic vs Cajal-Retzius","Myl6","ENSMUST00000164181.1"
"Myl6..ENSMUST00000218127.110",0.00071717390185884,-0.772990269279737,0.419,0.812,1,"Cajal-Retzius","imature Glutamatergic vs Cajal-Retzius","Myl6","ENSMUST00000218127.1"
"Myl6..ENSMUST00000219554.13",0.0044726460992935,-0.338491253534355,0.06,0.25,1,"Cajal-Retzius","imature Glutamatergic vs Cajal-Retzius","Myl6","ENSMUST00000219554.1"
"Nono..ENSMUST00000126019.1",0.000348800527282085,-0.258625826196007,0.009,0.125,1,"Cajal-Retzius","imature Glutamatergic vs Cajal-Retzius","Nono","ENSMUST00000126019.1"
"Nono..ENSMUST00000033673.6",0.00357737128025798,0.621579228255031,0.774,0.438,1,"imature Glutamatergic","imature Glutamatergic vs Cajal-Retzius","Nono","ENSMUST00000033673.6"
"Serbp1..ENSMUST00000203167.2",0.0079086737654429,-0.331702001722668,0.064,0.25,1,"Cajal-Retzius","imature Glutamatergic vs Cajal-Retzius","Serbp1","ENSMUST00000203167.2"
"Serbp1..ENSMUST00000204293.2",0.0248620024618958,0.488019142209569,0.585,0.312,1,"imature Glutamatergic","imature Glutamatergic vs Cajal-Retzius","Serbp1","ENSMUST00000204293.2"
"Atp5b..ENSMUST00000127439.12",0.0130623928643861,-0.441061278812744,0.021,0.125,1,"Cajal-Retzius","imature Glutamatergic vs Cajal-Retzius","Atp5b","ENSMUST00000127439.1"
"Atp5b..ENSMUST00000026459.52",0.0146994713253901,0.417083347441646,0.923,0.75,1,"imature Glutamatergic","imature Glutamatergic vs Cajal-Retzius","Atp5b","ENSMUST00000026459.5"
"Gap43..ENSMUST00000102817.4",8.78165896168149e-19,0.742688306770011,0.878,0.417,2.90198702047726e-14,"mature Glutamatergic","mature Glutamatergic vs imature GABAergic","Gap43","ENSMUST00000102817.4"
"Gap43..ENSMUST00000125187.1",0.00309608681986462,-0.263372079508834,0.04,0.111,1,"imature GABAergic","mature Glutamatergic vs imature GABAergic","Gap43","ENSMUST00000125187.1"
"Clta..ENSMUST00000107849.914",2.87006470015206e-12,0.498052894405098,0.86,0.507,9.4844158081225e-08,"mature Glutamatergic","mature Glutamatergic vs imature GABAergic","Clta","ENSMUST00000107849.9"
"Clta..ENSMUST00000170241.714",2.87655203037543e-08,-0.671721367675247,0.478,0.59,0.000950585383957863,"imature GABAergic","mature Glutamatergic vs imature GABAergic","Clta","ENSMUST00000170241.7"
"Ctnnd2..ENSMUST00000226797.11",1.01377295418946e-06,0.402869858670423,0.349,0.104,0.033501141044145,"mature Glutamatergic","mature Glutamatergic vs imature GABAergic","Ctnnd2","ENSMUST00000226797.1"
"Ctnnd2..ENSMUST00000228695.11",1.95908452436014e-06,-0.364265661641995,0.011,0.111,0.0647399071920052,"imature GABAergic","mature Glutamatergic vs imature GABAergic","Ctnnd2","ENSMUST00000228695.1"
"Fus..ENSMUST00000174196.73",0.00202087787706046,0.253953682352409,0.493,0.271,1,"mature Glutamatergic","mature Glutamatergic vs imature GABAergic","Fus","ENSMUST00000174196.7"
"Fus..ENSMUST00000077609.11",0.0103848199453964,-0.397747847433697,0.205,0.271,1,"imature GABAergic","mature Glutamatergic vs imature GABAergic","Fus","ENSMUST00000077609.11"
"Fam110b..ENSMUST00000108380.1",1.72763832698454e-07,0.272971315574281,0.198,0.023,0.0057091536153531,"mature Glutamatergic","mature Glutamatergic vs mature GABAergic","Fam110b","ENSMUST00000108380.1"
"Fam110b..ENSMUST00000054857.12",0.00682372625106396,-0.45280126083036,0.241,0.301,1,"mature GABAergic","mature Glutamatergic vs mature GABAergic","Fam110b","ENSMUST00000054857.12"
"Myl6..ENSMUST00000164181.113",1.01276074161343e-07,1.39406166209502,0.881,0.25,0.00334676914673574,"mature Glutamatergic","mature Glutamatergic vs Cajal-Retzius","Myl6","ENSMUST00000164181.1"
"Myl6..ENSMUST00000218127.111",2.80139381574927e-06,-1.20015021427368,0.356,0.812,0.0925748600352503,"Cajal-Retzius","mature Glutamatergic vs Cajal-Retzius","Myl6","ENSMUST00000218127.1"
"Myl6..ENSMUST00000219554.14",0.023858639462862,-0.312355586750438,0.086,0.25,1,"Cajal-Retzius","mature Glutamatergic vs Cajal-Retzius","Myl6","ENSMUST00000219554.1"
"Ptms..ENSMUST00000204671.2",1.14502149761335e-06,-0.454177266646757,0.011,0.188,0.0378383804101308,"Cajal-Retzius","mature Glutamatergic vs Cajal-Retzius","Ptms","ENSMUST00000204671.2"
"Ptms..ENSMUST00000032216.6",0.0329931234369284,0.265175026020843,0.946,0.938,1,"mature Glutamatergic","mature Glutamatergic vs Cajal-Retzius","Ptms","ENSMUST00000032216.6"
"Evl..ENSMUST00000109854.82",4.99341574284542e-05,-0.25978159120483,0.018,0.188,1,"Cajal-Retzius","mature Glutamatergic vs Cajal-Retzius","Evl","ENSMUST00000109854.8"
"Evl..ENSMUST00000021689.134",0.0152128021053533,0.452535632196224,0.281,0,1,"mature Glutamatergic","mature Glutamatergic vs Cajal-Retzius","Evl","ENSMUST00000021689.13"
"Ldha..ENSMUST00000124696.71",7.151549924211e-05,-0.589448008981649,0.007,0.125,1,"Cajal-Retzius","mature Glutamatergic vs Cajal-Retzius","Ldha","ENSMUST00000124696.7"
"Ldha..ENSMUST00000048209.151",0.0293429169564623,0.509363413959168,0.824,0.562,1,"mature Glutamatergic","mature Glutamatergic vs Cajal-Retzius","Ldha","ENSMUST00000048209.15"
"Hnrnpa2b1..ENSMUST00000204885.14",0.000352626278213633,-0.416518384381308,0.043,0.25,1,"Cajal-Retzius","mature Glutamatergic vs Cajal-Retzius","Hnrnpa2b1","ENSMUST00000204885.1"
"Hnrnpa2b1..ENSMUST00000203220.24",0.000500578080282668,0.802216666201929,0.809,0.562,1,"mature Glutamatergic","mature Glutamatergic vs Cajal-Retzius","Hnrnpa2b1","ENSMUST00000203220.2"
"Clta..ENSMUST00000107849.915",0.000687285086824809,0.583722280905471,0.86,0.625,1,"mature Glutamatergic","mature Glutamatergic vs Cajal-Retzius","Clta","ENSMUST00000107849.9"
"Clta..ENSMUST00000107851.94",0.00240322496860863,-0.50935712034263,0.126,0.375,1,"Cajal-Retzius","mature Glutamatergic vs Cajal-Retzius","Clta","ENSMUST00000107851.9"
"Ppm1g..ENSMUST00000202402.12",0.00207908473259517,-0.253868910605708,0.032,0.188,1,"Cajal-Retzius","mature Glutamatergic vs Cajal-Retzius","Ppm1g","ENSMUST00000202402.1"
"Ppm1g..ENSMUST00000031032.102",0.0489560949946659,0.432821391793379,0.486,0.25,1,"mature Glutamatergic","mature Glutamatergic vs Cajal-Retzius","Ppm1g","ENSMUST00000031032.10"
"Gpatch8..ENSMUST00000125754.11",0.0116567680082553,-0.338606012147539,0.076,0.25,1,"Cajal-Retzius","mature Glutamatergic vs Cajal-Retzius","Gpatch8","ENSMUST00000125754.1"
"Gpatch8..ENSMUST00000143842.11",0.0436591889706184,0.378370688185606,0.209,0,1,"mature Glutamatergic","mature Glutamatergic vs Cajal-Retzius","Gpatch8","ENSMUST00000143842.1"
"Atp5b..ENSMUST00000026459.53",0.0131038331253468,0.428153624283286,0.878,0.75,1,"mature Glutamatergic","mature Glutamatergic vs Cajal-Retzius","Atp5b","ENSMUST00000026459.5"
"Atp5b..ENSMUST00000127439.13",0.0345294120403764,-0.413566233387268,0.029,0.125,1,"Cajal-Retzius","mature Glutamatergic vs Cajal-Retzius","Atp5b","ENSMUST00000127439.1"
"Cck..ENSMUST00000035120.5",0.014080633611012,-0.309076444969384,0.151,0.375,1,"Cajal-Retzius","mature Glutamatergic vs Cajal-Retzius","Cck","ENSMUST00000035120.5"
"Cck..ENSMUST00000213106.1",0.0338497094914965,0.55679429116253,0.227,0,1,"mature Glutamatergic","mature Glutamatergic vs Cajal-Retzius","Cck","ENSMUST00000213106.1"
"Clta..ENSMUST00000107849.916",5.18136412623841e-10,-0.627922636451708,0.507,0.792,1.71223358915675e-05,"mature GABAergic","imature GABAergic vs mature GABAergic","Clta","ENSMUST00000107849.9"
"Clta..ENSMUST00000170241.715",1.82233114722487e-06,0.51175691496305,0.59,0.312,0.060220755091193,"imature GABAergic","imature GABAergic vs mature GABAergic","Clta","ENSMUST00000170241.7"
"Vps29..ENSMUST00000118830.76",0.00509013470477424,0.308109512349642,0.16,0.064,1,"imature GABAergic","imature GABAergic vs mature GABAergic","Vps29","ENSMUST00000118830.7"
"Vps29..ENSMUST00000155671.76",0.0150785953983727,-0.308362147907602,0.333,0.451,1,"mature GABAergic","imature GABAergic vs mature GABAergic","Vps29","ENSMUST00000155671.7"
"Rps24..ENSMUST00000223999.14",1.00941044285804e-16,-1.40787494684695,0.062,0.812,3.33569774946868e-12,"Cajal-Retzius","imature GABAergic vs Cajal-Retzius","Rps24","ENSMUST00000223999.1"
"Rps24..ENSMUST00000169826.24",0.000463898576425393,0.4621100926601,0.993,1,1,"imature GABAergic","imature GABAergic vs Cajal-Retzius","Rps24","ENSMUST00000169826.2"
"Hnrnpa2b1..ENSMUST00000204885.15",1.3341016619632e-07,-0.525128983209006,0.007,0.25,0.00440867235212357,"Cajal-Retzius","imature GABAergic vs Cajal-Retzius","Hnrnpa2b1","ENSMUST00000204885.1"
"Hnrnpa2b1..ENSMUST00000203220.25",0.000477706486574806,0.948569449921528,0.785,0.562,1,"imature GABAergic","imature GABAergic vs Cajal-Retzius","Hnrnpa2b1","ENSMUST00000203220.2"
"Hnrnpa2b1..ENSMUST00000204188.22",0.0499609933113261,0.531572481467944,0.201,0,1,"imature GABAergic","imature GABAergic vs Cajal-Retzius","Hnrnpa2b1","ENSMUST00000204188.2"
"Clta..ENSMUST00000107851.95",2.54559976862648e-07,-0.656684162812034,0.035,0.375,0.00841218899540308,"Cajal-Retzius","imature GABAergic vs Cajal-Retzius","Clta","ENSMUST00000107851.9"
"Clta..ENSMUST00000170241.716",0.00195926819275507,0.958374284958947,0.59,0.188,1,"imature GABAergic","imature GABAergic vs Cajal-Retzius","Clta","ENSMUST00000170241.7"
"Nono..ENSMUST00000126019.11",2.22343992648315e-05,-0.280996360872708,0,0.125,0.734757958105621,"Cajal-Retzius","imature GABAergic vs Cajal-Retzius","Nono","ENSMUST00000126019.1"
"Nono..ENSMUST00000033673.61",0.0158260691649355,0.55459308427861,0.688,0.438,1,"imature GABAergic","imature GABAergic vs Cajal-Retzius","Nono","ENSMUST00000033673.6"
"Myl6..ENSMUST00000164181.114",6.54666786869283e-05,1.28628102323167,0.701,0.25,1,"imature GABAergic","imature GABAergic vs Cajal-Retzius","Myl6","ENSMUST00000164181.1"
"Myl6..ENSMUST00000219554.15",0.000126671407470255,-0.376530775199816,0.028,0.25,1,"Cajal-Retzius","imature GABAergic vs Cajal-Retzius","Myl6","ENSMUST00000219554.1"
"Myl6..ENSMUST00000218127.112",0.000238128189247232,-0.869541476123066,0.361,0.812,1,"Cajal-Retzius","imature GABAergic vs Cajal-Retzius","Myl6","ENSMUST00000218127.1"
"Crmp1..ENSMUST00000114158.8",0.000208978280944136,-0.267110361255435,0.014,0.188,1,"Cajal-Retzius","imature GABAergic vs Cajal-Retzius","Crmp1","ENSMUST00000114158.8"
"Crmp1..ENSMUST00000031004.10",0.000993214757756487,0.844312336636509,0.729,0.375,1,"imature GABAergic","imature GABAergic vs Cajal-Retzius","Crmp1","ENSMUST00000031004.10"
"Rpl34..ENSMUST00000079085.101",0.00127090567242952,0.533879136426678,0.958,0.75,1,"imature GABAergic","imature GABAergic vs Cajal-Retzius","Rpl34","ENSMUST00000079085.10"
"Rpl34..ENSMUST00000196202.41",0.0229776307490928,-0.274913435944578,0.021,0.125,1,"Cajal-Retzius","imature GABAergic vs Cajal-Retzius","Rpl34","ENSMUST00000196202.4"
"Nnat..ENSMUST00000153739.8",0.0363411803160142,0.449303032139781,0.979,0.938,1,"imature GABAergic","imature GABAergic vs Cajal-Retzius","Nnat","ENSMUST00000153739.8"
"Nnat..ENSMUST00000173595.1",0.0364831309646284,-0.812500727440808,0.299,0.562,1,"Cajal-Retzius","imature GABAergic vs Cajal-Retzius","Nnat","ENSMUST00000173595.1"
"Rps24..ENSMUST00000223999.15",9.43377128270946e-28,-1.57336382048204,0.017,0.812,3.11748405808417e-23,"Cajal-Retzius","mature GABAergic vs Cajal-Retzius","Rps24","ENSMUST00000223999.1"
"Rps24..ENSMUST00000169826.25",0.021583377535206,0.307438143072765,0.977,1,1,"mature GABAergic","mature GABAergic vs Cajal-Retzius","Rps24","ENSMUST00000169826.2"
"Myl6..ENSMUST00000218127.113",1.0103023470012e-10,-1.29569902811927,0.145,0.812,3.33864513590016e-06,"Cajal-Retzius","mature GABAergic vs Cajal-Retzius","Myl6","ENSMUST00000218127.1"
"Myl6..ENSMUST00000164181.115",1.75116262510402e-06,1.49089130603678,0.792,0.25,0.0578689201091874,"mature GABAergic","mature GABAergic vs Cajal-Retzius","Myl6","ENSMUST00000164181.1"
"Clta..ENSMUST00000107851.96",8.84402724511125e-07,-0.605976669843103,0.04,0.375,0.0292259724341946,"Cajal-Retzius","mature GABAergic vs Cajal-Retzius","Clta","ENSMUST00000107851.9"
"Clta..ENSMUST00000107849.917",0.00190126730470947,0.713592022952082,0.792,0.625,1,"mature GABAergic","mature GABAergic vs Cajal-Retzius","Clta","ENSMUST00000107849.9"
"Hnrnpa2b1..ENSMUST00000204885.16",4.10161831856142e-06,-0.450702258544212,0.017,0.25,0.135542078955181,"Cajal-Retzius","mature GABAergic vs Cajal-Retzius","Hnrnpa2b1","ENSMUST00000204885.1"
"Hnrnpa2b1..ENSMUST00000203220.26",0.00341415461930141,0.851669209052173,0.705,0.562,1,"mature GABAergic","mature GABAergic vs Cajal-Retzius","Hnrnpa2b1","ENSMUST00000203220.2"
"Pfn2..ENSMUST00000066882.9",6.71546101046841e-06,0.959849520064844,0.954,0.812,0.221919124551939,"mature GABAergic","mature GABAergic vs Cajal-Retzius","Pfn2","ENSMUST00000066882.9"
"Pfn2..ENSMUST00000120289.2",0.0145147892694702,-0.269984956355517,0.04,0.188,1,"Cajal-Retzius","mature GABAergic vs Cajal-Retzius","Pfn2","ENSMUST00000120289.2"
"Nnat..ENSMUST00000173839.1",0.00189831275745584,-0.522942330819554,0.162,0.5,1,"Cajal-Retzius","mature GABAergic vs Cajal-Retzius","Nnat","ENSMUST00000173839.1"
"Nnat..ENSMUST00000173595.11",0.01614388099335,-0.848642131275151,0.26,0.562,1,"Cajal-Retzius","mature GABAergic vs Cajal-Retzius","Nnat","ENSMUST00000173595.1"
"Nnat..ENSMUST00000153739.81",0.0163813132932194,0.285913878570428,1,0.938,1,"mature GABAergic","mature GABAergic vs Cajal-Retzius","Nnat","ENSMUST00000153739.8"
"Nnat..ENSMUST00000173041.7",0.0260835459914832,-0.307753483909425,0.046,0.188,1,"Cajal-Retzius","mature GABAergic vs Cajal-Retzius","Nnat","ENSMUST00000173041.7"
